time,total_trades,wins,losses,win_rate,total_pnl
2026-06-21 19:49:32,0,0,0,0,0
2026-06-21 19:50:23,0,0,0,0,0
2026-06-21 19:51:12,0,0,0,0,0
2026-06-21 19:51:15,0,0,0,0,0
2026-06-21 19:51:18,0,0,0,0,0
2026-06-21 19:51:22,0,0,0,0,0
2026-06-21 19:51:25,0,0,0,0,0
2026-06-21 19:51:28,0,0,0,0,0
2026-06-21 19:51:32,0,0,0,0,0
2026-06-21 19:51:35,0,0,0,0,0
2026-06-21 19:51:38,0,0,0,0,0
2026-06-21 19:51:42,0,0,0,0,0
2026-06-21 19:51:45,0,0,0,0,0
2026-06-21 19:51:48,0,0,0,0,0
2026-06-21 19:51:52,0,0,0,0,0
2026-06-21 19:51:55,0,0,0,0,0
2026-06-21 19:51:58,0,0,0,0,0
2026-06-21 19:52:02,0,0,0,0,0
2026-06-21 19:52:05,0,0,0,0,0
2026-06-21 19:52:08,0,0,0,0,0
2026-06-21 19:52:11,0,0,0,0,0
2026-06-21 19:52:15,0,0,0,0,0
2026-06-21 19:52:18,0,0,0,0,0
2026-06-21 19:52:22,0,0,0,0,0
2026-06-21 19:52:25,0,0,0,0,0
2026-06-21 19:52:28,0,0,0,0,0
2026-06-21 19:52:32,0,0,0,0,0
2026-06-21 19:52:35,0,0,0,0,0
2026-06-21 19:52:38,0,0,0,0,0
2026-06-21 19:52:41,0,0,0,0,0
2026-06-21 19:52:45,0,0,0,0,0
2026-06-21 19:52:48,0,0,0,0,0
2026-06-21 19:52:51,0,0,0,0,0
2026-06-21 19:52:55,0,0,0,0,0
2026-06-21 19:52:58,0,0,0,0,0
2026-06-21 19:53:01,0,0,0,0,0
2026-06-21 19:53:05,0,0,0,0,0
2026-06-21 19:53:08,0,0,0,0,0
2026-06-21 19:53:11,0,0,0,0,0
2026-06-21 19:53:15,0,0,0,0,0
2026-06-21 19:53:18,0,0,0,0,0
2026-06-21 19:53:21,0,0,0,0,0
2026-06-21 19:53:25,0,0,0,0,0
2026-06-21 19:53:28,0,0,0,0,0
2026-06-21 19:53:31,0,0,0,0,0
2026-06-21 19:53:35,0,0,0,0,0
2026-06-21 19:53:38,0,0,0,0,0
2026-06-21 19:53:41,0,0,0,0,0
2026-06-21 19:53:45,0,0,0,0,0
2026-06-21 19:53:48,0,0,0,0,0
2026-06-21 19:53:51,0,0,0,0,0
2026-06-21 19:53:55,0,0,0,0,0
2026-06-21 19:53:58,0,0,0,0,0
2026-06-21 19:54:01,0,0,0,0,0
2026-06-21 19:54:05,0,0,0,0,0
2026-06-21 19:54:08,0,0,0,0,0
2026-06-21 19:54:11,0,0,0,0,0
2026-06-21 19:54:15,0,0,0,0,0
2026-06-21 19:54:18,0,0,0,0,0
2026-06-21 19:54:21,0,0,0,0,0
2026-06-21 19:54:25,0,0,0,0,0
2026-06-21 19:54:28,0,0,0,0,0
2026-06-21 19:54:31,0,0,0,0,0
2026-06-21 19:54:35,0,0,0,0,0
2026-06-21 19:54:38,0,0,0,0,0
2026-06-21 19:54:41,0,0,0,0,0
2026-06-21 19:54:45,0,0,0,0,0
2026-06-21 19:54:48,0,0,0,0,0
2026-06-21 19:54:51,0,0,0,0,0
2026-06-21 19:54:55,0,0,0,0,0
2026-06-21 19:54:58,0,0,0,0,0
2026-06-21 19:55:02,0,0,0,0,0
2026-06-21 19:55:05,0,0,0,0,0
2026-06-21 19:55:08,0,0,0,0,0
2026-06-21 19:55:11,0,0,0,0,0
2026-06-21 19:55:15,0,0,0,0,0
2026-06-21 19:55:18,0,0,0,0,0
2026-06-21 19:55:22,0,0,0,0,0
2026-06-21 19:55:25,0,0,0,0,0
2026-06-21 19:55:28,0,0,0,0,0
2026-06-21 19:55:32,0,0,0,0,0
2026-06-21 19:55:35,0,0,0,0,0
2026-06-21 19:55:38,0,0,0,0,0
2026-06-21 19:55:42,0,0,0,0,0
2026-06-21 19:55:45,0,0,0,0,0
2026-06-21 19:55:48,0,0,0,0,0
2026-06-21 19:55:52,0,0,0,0,0
2026-06-21 19:55:55,0,0,0,0,0
2026-06-21 19:55:58,0,0,0,0,0
2026-06-21 19:56:02,0,0,0,0,0
2026-06-21 19:56:05,0,0,0,0,0
2026-06-21 19:56:08,0,0,0,0,0
2026-06-21 19:56:12,0,0,0,0,0
2026-06-21 19:56:15,0,0,0,0,0
2026-06-21 19:56:18,0,0,0,0,0
2026-06-21 19:56:21,0,0,0,0,0
2026-06-21 19:56:25,0,0,0,0,0
2026-06-21 19:56:28,0,0,0,0,0
2026-06-21 19:56:32,0,0,0,0,0
2026-06-21 19:56:35,0,0,0,0,0
2026-06-21 19:56:38,0,0,0,0,0
2026-06-21 19:56:42,0,0,0,0,0
2026-06-21 19:56:45,0,0,0,0,0
2026-06-21 19:56:48,0,0,0,0,0
2026-06-21 19:56:52,0,0,0,0,0
2026-06-21 19:56:55,0,0,0,0,0
2026-06-21 19:56:58,0,0,0,0,0
2026-06-21 19:57:02,0,0,0,0,0
2026-06-21 19:57:05,0,0,0,0,0
2026-06-21 19:57:09,0,0,0,0,0
2026-06-21 19:57:12,0,0,0,0,0
2026-06-21 19:57:15,0,0,0,0,0
2026-06-21 19:57:19,0,0,0,0,0
2026-06-21 19:57:22,0,0,0,0,0
2026-06-21 19:57:25,0,0,0,0,0
2026-06-21 19:57:29,0,0,0,0,0
2026-06-21 19:57:32,0,0,0,0,0
2026-06-21 19:57:35,0,0,0,0,0
2026-06-21 19:57:39,0,0,0,0,0
2026-06-21 19:57:42,0,0,0,0,0
2026-06-21 19:57:45,0,0,0,0,0
2026-06-21 19:57:49,0,0,0,0,0
2026-06-21 19:57:52,0,0,0,0,0
2026-06-21 19:57:55,0,0,0,0,0
2026-06-21 19:57:59,0,0,0,0,0
2026-06-21 19:58:02,0,0,0,0,0
2026-06-21 19:58:05,0,0,0,0,0
2026-06-21 19:58:09,0,0,0,0,0
2026-06-21 19:58:12,0,0,0,0,0
2026-06-21 19:58:15,0,0,0,0,0
2026-06-21 19:58:19,0,0,0,0,0
2026-06-21 19:58:22,0,0,0,0,0
2026-06-21 19:58:25,0,0,0,0,0
2026-06-21 19:58:29,0,0,0,0,0
2026-06-21 19:58:32,0,0,0,0,0
2026-06-21 19:58:35,0,0,0,0,0
2026-06-21 19:58:39,0,0,0,0,0
2026-06-21 19:58:42,0,0,0,0,0
2026-06-21 19:58:45,0,0,0,0,0
2026-06-21 19:58:49,0,0,0,0,0
2026-06-21 19:58:52,0,0,0,0,0
2026-06-21 19:58:55,0,0,0,0,0
2026-06-21 19:58:59,0,0,0,0,0
2026-06-21 19:59:02,0,0,0,0,0
2026-06-21 19:59:05,0,0,0,0,0
2026-06-21 19:59:09,0,0,0,0,0
2026-06-21 19:59:12,0,0,0,0,0
2026-06-21 19:59:15,0,0,0,0,0
2026-06-21 19:59:19,0,0,0,0,0
2026-06-21 19:59:22,0,0,0,0,0
2026-06-21 19:59:26,0,0,0,0,0
2026-06-21 19:59:29,0,0,0,0,0
2026-06-21 19:59:32,0,0,0,0,0
2026-06-21 19:59:36,0,0,0,0,0
2026-06-21 19:59:39,0,0,0,0,0
2026-06-21 19:59:42,0,0,0,0,0
2026-06-21 19:59:46,0,0,0,0,0
2026-06-21 19:59:49,0,0,0,0,0
2026-06-21 19:59:52,0,0,0,0,0
2026-06-21 19:59:56,0,0,0,0,0
2026-06-21 19:59:59,0,0,0,0,0
2026-06-21 20:00:05,0,0,0,0,0
2026-06-21 20:00:07,0,0,0,0,0
2026-06-21 20:00:10,0,0,0,0,0
2026-06-21 20:00:13,0,0,0,0,0
2026-06-21 20:00:17,0,0,0,0,0
2026-06-21 20:00:20,0,0,0,0,0
2026-06-21 20:00:23,0,0,0,0,0
2026-06-21 20:00:27,0,0,0,0,0
2026-06-21 20:00:30,0,0,0,0,0
2026-06-21 20:00:33,0,0,0,0,0
2026-06-21 20:00:37,0,0,0,0,0
2026-06-21 20:00:40,0,0,0,0,0
2026-06-21 20:00:43,0,0,0,0,0
2026-06-21 20:00:47,0,0,0,0,0
2026-06-21 20:00:50,0,0,0,0,0
2026-06-21 20:00:53,0,0,0,0,0
2026-06-21 20:00:57,0,0,0,0,0
2026-06-21 20:01:00,0,0,0,0,0
2026-06-21 20:01:04,0,0,0,0,0
2026-06-21 20:01:07,0,0,0,0,0
2026-06-21 20:01:10,0,0,0,0,0
2026-06-21 20:01:14,0,0,0,0,0
2026-06-21 20:01:17,0,0,0,0,0
2026-06-21 20:01:20,0,0,0,0,0
2026-06-21 20:01:24,0,0,0,0,0
2026-06-21 20:01:27,0,0,0,0,0
2026-06-21 20:01:30,0,0,0,0,0
2026-06-21 20:01:34,0,0,0,0,0
2026-06-21 20:01:37,0,0,0,0,0
2026-06-21 20:01:40,0,0,0,0,0
2026-06-21 20:01:44,0,0,0,0,0
2026-06-21 20:01:47,0,0,0,0,0
2026-06-21 20:01:50,0,0,0,0,0
2026-06-21 20:01:54,0,0,0,0,0
2026-06-21 20:01:57,0,0,0,0,0
2026-06-21 20:02:00,0,0,0,0,0
2026-06-21 20:02:04,0,0,0,0,0
2026-06-21 20:02:07,0,0,0,0,0
2026-06-21 20:02:10,0,0,0,0,0
2026-06-21 20:02:14,0,0,0,0,0
2026-06-21 20:02:17,0,0,0,0,0
2026-06-21 20:02:20,0,0,0,0,0
2026-06-21 20:02:24,0,0,0,0,0
2026-06-21 20:02:27,0,0,0,0,0
2026-06-21 20:02:31,0,0,0,0,0
2026-06-21 20:02:34,0,0,0,0,0
2026-06-21 20:02:37,0,0,0,0,0
2026-06-21 20:02:41,0,0,0,0,0
2026-06-21 20:02:44,0,0,0,0,0
2026-06-21 20:02:47,0,0,0,0,0
2026-06-21 20:02:51,0,0,0,0,0
2026-06-21 20:02:54,0,0,0,0,0
2026-06-21 20:02:57,0,0,0,0,0
2026-06-21 20:03:01,0,0,0,0,0
2026-06-21 20:03:04,0,0,0,0,0
2026-06-21 20:03:07,0,0,0,0,0
2026-06-21 20:03:11,0,0,0,0,0
2026-06-21 20:03:14,0,0,0,0,0
2026-06-21 20:03:17,0,0,0,0,0
2026-06-21 20:03:21,0,0,0,0,0
2026-06-21 20:03:24,0,0,0,0,0
2026-06-21 20:03:27,0,0,0,0,0
2026-06-21 20:03:31,0,0,0,0,0
2026-06-21 20:03:34,0,0,0,0,0
2026-06-21 20:03:37,0,0,0,0,0
2026-06-21 20:03:41,0,0,0,0,0
2026-06-21 20:03:44,0,0,0,0,0
2026-06-21 20:03:47,0,0,0,0,0
2026-06-21 20:03:51,0,0,0,0,0
2026-06-21 20:03:54,0,0,0,0,0
2026-06-21 20:03:57,0,0,0,0,0
2026-06-21 20:04:01,0,0,0,0,0
2026-06-21 20:04:04,0,0,0,0,0
2026-06-21 20:04:07,0,0,0,0,0
2026-06-21 20:04:11,0,0,0,0,0
2026-06-21 20:04:14,0,0,0,0,0
2026-06-21 20:04:17,0,0,0,0,0
2026-06-21 20:04:21,0,0,0,0,0
2026-06-21 20:04:24,0,0,0,0,0
2026-06-21 20:04:27,0,0,0,0,0
2026-06-21 20:04:31,0,0,0,0,0
2026-06-21 20:04:34,0,0,0,0,0
2026-06-21 20:04:37,0,0,0,0,0
2026-06-21 20:04:41,0,0,0,0,0
2026-06-21 20:04:44,0,0,0,0,0
2026-06-21 20:04:47,0,0,0,0,0
2026-06-21 20:04:51,0,0,0,0,0
2026-06-21 20:04:54,0,0,0,0,0
2026-06-21 20:04:57,0,0,0,0,0
2026-06-21 20:05:02,0,0,0,0,0
2026-06-21 20:05:04,0,0,0,0,0
2026-06-21 20:05:08,0,0,0,0,0
2026-06-21 20:05:11,0,0,0,0,0
2026-06-21 20:05:14,0,0,0,0,0
2026-06-21 20:05:18,0,0,0,0,0
2026-06-21 20:05:21,0,0,0,0,0
2026-06-21 20:05:24,0,0,0,0,0
2026-06-21 20:05:28,0,0,0,0,0
2026-06-21 20:05:31,0,0,0,0,0
2026-06-21 20:05:34,0,0,0,0,0
2026-06-21 20:05:38,0,0,0,0,0
2026-06-21 20:05:41,0,0,0,0,0
2026-06-21 20:05:44,0,0,0,0,0
2026-06-21 20:05:48,0,0,0,0,0
2026-06-21 20:05:51,0,0,0,0,0
2026-06-21 20:05:54,0,0,0,0,0
2026-06-21 20:05:58,0,0,0,0,0
2026-06-21 20:06:01,0,0,0,0,0
2026-06-21 20:06:04,0,0,0,0,0
2026-06-21 20:06:08,0,0,0,0,0
2026-06-21 20:06:11,0,0,0,0,0
2026-06-21 20:06:14,0,0,0,0,0
2026-06-21 20:06:18,0,0,0,0,0
2026-06-21 20:06:21,0,0,0,0,0
2026-06-21 20:06:24,0,0,0,0,0
2026-06-21 20:06:28,0,0,0,0,0
2026-06-21 20:06:31,0,0,0,0,0
2026-06-21 20:06:34,0,0,0,0,0
2026-06-21 20:06:38,0,0,0,0,0
2026-06-21 20:06:41,0,0,0,0,0
2026-06-21 20:06:44,0,0,0,0,0
2026-06-21 20:06:48,0,0,0,0,0
2026-06-21 20:06:51,0,0,0,0,0
2026-06-21 20:06:54,0,0,0,0,0
2026-06-21 20:06:58,0,0,0,0,0
2026-06-21 20:07:01,0,0,0,0,0
2026-06-21 20:07:04,0,0,0,0,0
2026-06-21 20:07:08,0,0,0,0,0
2026-06-21 20:07:11,0,0,0,0,0
2026-06-21 20:07:14,0,0,0,0,0
2026-06-21 20:07:18,0,0,0,0,0
2026-06-21 20:07:21,0,0,0,0,0
2026-06-21 20:07:24,0,0,0,0,0
2026-06-21 20:07:28,0,0,0,0,0
2026-06-21 20:07:31,0,0,0,0,0
2026-06-21 20:07:34,0,0,0,0,0
2026-06-21 20:07:38,0,0,0,0,0
2026-06-21 20:07:41,0,0,0,0,0
2026-06-21 20:07:44,0,0,0,0,0
2026-06-21 20:07:48,0,0,0,0,0
2026-06-21 20:07:51,0,0,0,0,0
2026-06-21 20:07:54,0,0,0,0,0
2026-06-21 20:07:58,0,0,0,0,0
2026-06-21 20:08:01,0,0,0,0,0
2026-06-21 20:08:04,0,0,0,0,0
2026-06-21 20:08:08,0,0,0,0,0
2026-06-21 20:08:11,0,0,0,0,0
2026-06-21 20:08:14,0,0,0,0,0
2026-06-21 20:08:22,0,0,0,0,0
2026-06-21 20:08:26,0,0,0,0,0
2026-06-21 20:08:27,0,0,0,0,0
2026-06-21 20:08:31,0,0,0,0,0
2026-06-21 20:08:34,0,0,0,0,0
2026-06-21 20:08:37,0,0,0,0,0
2026-06-21 20:08:41,0,0,0,0,0
2026-06-21 20:08:44,0,0,0,0,0
2026-06-21 20:08:47,0,0,0,0,0
2026-06-21 20:08:51,0,0,0,0,0
2026-06-21 20:08:54,0,0,0,0,0
2026-06-21 20:08:57,0,0,0,0,0
2026-06-21 20:09:01,0,0,0,0,0
2026-06-21 20:09:04,0,0,0,0,0
2026-06-21 20:09:07,0,0,0,0,0
2026-06-21 20:09:11,0,0,0,0,0
2026-06-21 20:09:14,0,0,0,0,0
2026-06-21 20:09:17,0,0,0,0,0
2026-06-21 20:09:20,0,0,0,0,0
2026-06-21 20:09:24,0,0,0,0,0
2026-06-21 20:09:27,0,0,0,0,0
2026-06-21 20:09:31,0,0,0,0,0
2026-06-21 20:09:34,0,0,0,0,0
2026-06-21 20:09:37,0,0,0,0,0
2026-06-21 20:09:41,0,0,0,0,0
2026-06-21 20:09:44,0,0,0,0,0
2026-06-21 20:09:47,0,0,0,0,0
2026-06-21 20:09:51,0,0,0,0,0
2026-06-21 20:09:54,0,0,0,0,0
2026-06-21 20:09:57,0,0,0,0,0
2026-06-21 20:10:02,0,0,0,0,0
2026-06-21 20:10:04,0,0,0,0,0
2026-06-21 20:10:07,0,0,0,0,0
2026-06-21 20:10:10,0,0,0,0,0
2026-06-21 20:10:14,0,0,0,0,0
2026-06-21 20:10:17,0,0,0,0,0
2026-06-21 20:10:20,0,0,0,0,0
2026-06-21 20:10:24,0,0,0,0,0
2026-06-21 20:10:27,0,0,0,0,0
2026-06-21 20:10:30,0,0,0,0,0
2026-06-21 20:10:34,0,0,0,0,0
2026-06-21 20:10:37,0,0,0,0,0
2026-06-21 20:10:40,0,0,0,0,0
2026-06-21 20:10:44,0,0,0,0,0
2026-06-21 20:10:47,0,0,0,0,0
2026-06-21 20:10:50,0,0,0,0,0
2026-06-21 20:10:54,0,0,0,0,0
2026-06-21 20:10:57,0,0,0,0,0
2026-06-21 20:11:00,0,0,0,0,0
2026-06-21 20:11:04,0,0,0,0,0
2026-06-21 20:11:07,0,0,0,0,0
2026-06-21 20:11:10,0,0,0,0,0
2026-06-21 20:11:14,0,0,0,0,0
2026-06-21 20:11:17,0,0,0,0,0
2026-06-21 20:11:20,0,0,0,0,0
2026-06-21 20:11:24,0,0,0,0,0
2026-06-21 20:11:27,0,0,0,0,0
2026-06-21 20:11:30,0,0,0,0,0
2026-06-21 20:11:34,0,0,0,0,0
2026-06-21 20:11:37,0,0,0,0,0
2026-06-21 20:11:40,0,0,0,0,0
2026-06-21 20:11:44,0,0,0,0,0
2026-06-21 20:11:47,0,0,0,0,0
2026-06-21 20:11:50,0,0,0,0,0
2026-06-21 20:11:54,0,0,0,0,0
2026-06-21 20:11:57,0,0,0,0,0
2026-06-21 20:12:00,0,0,0,0,0
2026-06-21 20:12:04,0,0,0,0,0
2026-06-21 20:12:07,0,0,0,0,0
2026-06-21 20:12:10,0,0,0,0,0
2026-06-21 20:12:14,0,0,0,0,0
2026-06-21 20:12:17,0,0,0,0,0
2026-06-21 20:12:20,0,0,0,0,0
2026-06-21 20:12:24,0,0,0,0,0
2026-06-21 20:12:27,0,0,0,0,0
2026-06-21 20:12:30,0,0,0,0,0
2026-06-21 20:12:34,0,0,0,0,0
2026-06-21 20:12:37,0,0,0,0,0
2026-06-21 20:12:40,0,0,0,0,0
2026-06-21 20:12:44,0,0,0,0,0
2026-06-21 20:12:47,0,0,0,0,0
2026-06-21 20:12:50,0,0,0,0,0
2026-06-21 20:12:54,0,0,0,0,0
2026-06-21 20:12:57,0,0,0,0,0
2026-06-21 20:13:00,0,0,0,0,0
2026-06-21 20:13:04,0,0,0,0,0
2026-06-21 20:13:07,0,0,0,0,0
2026-06-21 20:13:10,0,0,0,0,0
2026-06-21 20:13:13,0,0,0,0,0
2026-06-21 20:13:17,0,0,0,0,0
2026-06-21 20:13:20,0,0,0,0,0
2026-06-21 20:13:23,0,0,0,0,0
2026-06-21 20:13:27,0,0,0,0,0
2026-06-21 20:13:30,0,0,0,0,0
2026-06-21 20:13:34,0,0,0,0,0
2026-06-21 20:13:37,0,0,0,0,0
2026-06-21 20:13:40,0,0,0,0,0
2026-06-21 20:13:44,0,0,0,0,0
2026-06-21 20:13:47,0,0,0,0,0
2026-06-21 20:13:50,0,0,0,0,0
2026-06-21 20:13:54,0,0,0,0,0
2026-06-21 20:13:57,0,0,0,0,0
2026-06-21 20:14:00,0,0,0,0,0
2026-06-21 20:14:03,0,0,0,0,0
2026-06-21 20:14:07,0,0,0,0,0
2026-06-21 20:14:10,0,0,0,0,0
2026-06-21 20:14:13,0,0,0,0,0
2026-06-21 20:14:17,0,0,0,0,0
2026-06-21 20:14:20,0,0,0,0,0
2026-06-21 20:14:23,0,0,0,0,0
2026-06-21 20:14:27,0,0,0,0,0
2026-06-21 20:14:30,0,0,0,0,0
2026-06-21 20:14:34,0,0,0,0,0
2026-06-21 20:14:37,0,0,0,0,0
2026-06-21 20:14:40,0,0,0,0,0
2026-06-21 20:14:44,0,0,0,0,0
2026-06-21 20:14:47,0,0,0,0,0
2026-06-21 20:14:50,0,0,0,0,0
2026-06-21 20:14:53,0,0,0,0,0
2026-06-21 20:14:57,0,0,0,0,0
2026-06-21 20:15:01,0,0,0,0,0
2026-06-21 20:15:04,0,0,0,0,0
2026-06-21 20:15:07,0,0,0,0,0
2026-06-21 20:15:10,0,0,0,0,0
2026-06-21 20:15:14,0,0,0,0,0
2026-06-21 20:15:17,0,0,0,0,0
2026-06-21 20:15:20,0,0,0,0,0
2026-06-21 20:15:24,0,0,0,0,0
2026-06-21 20:15:27,0,0,0,0,0
2026-06-21 20:15:30,0,0,0,0,0
2026-06-21 20:15:34,0,0,0,0,0
2026-06-21 20:15:37,0,0,0,0,0
2026-06-21 20:15:40,0,0,0,0,0
2026-06-21 20:15:44,0,0,0,0,0
2026-06-21 20:15:47,0,0,0,0,0
2026-06-21 20:15:50,0,0,0,0,0
2026-06-21 20:15:54,0,0,0,0,0
2026-06-21 20:15:57,0,0,0,0,0
2026-06-21 20:16:00,0,0,0,0,0
2026-06-21 20:16:04,0,0,0,0,0
2026-06-21 20:16:07,0,0,0,0,0
2026-06-21 20:16:11,0,0,0,0,0
2026-06-21 20:16:14,0,0,0,0,0
2026-06-21 20:16:17,0,0,0,0,0
2026-06-21 20:16:21,0,0,0,0,0
2026-06-21 20:16:24,0,0,0,0,0
2026-06-21 20:16:27,0,0,0,0,0
2026-06-21 20:16:30,0,0,0,0,0
2026-06-21 20:16:34,0,0,0,0,0
2026-06-21 20:16:37,0,0,0,0,0
2026-06-21 20:16:41,0,0,0,0,0
2026-06-21 20:16:44,0,0,0,0,0
2026-06-21 20:16:47,0,0,0,0,0
2026-06-21 20:16:51,0,0,0,0,0
2026-06-21 20:16:54,0,0,0,0,0
2026-06-21 20:16:57,0,0,0,0,0
2026-06-21 20:17:00,0,0,0,0,0
2026-06-21 20:17:04,0,0,0,0,0
2026-06-21 20:17:07,0,0,0,0,0
2026-06-21 20:17:10,0,0,0,0,0
2026-06-21 20:17:14,1,0,1,0.0,-129.99
2026-06-21 20:17:17,1,0,1,0.0,-129.99
2026-06-21 20:17:20,1,0,1,0.0,-129.99
2026-06-21 20:17:24,1,0,1,0.0,-129.99
2026-06-21 20:17:27,1,0,1,0.0,-129.99
2026-06-21 20:17:30,1,0,1,0.0,-129.99
2026-06-21 20:17:34,1,0,1,0.0,-129.99
2026-06-21 20:17:37,1,0,1,0.0,-129.99
2026-06-21 20:17:40,1,0,1,0.0,-129.99
2026-06-21 20:17:44,1,0,1,0.0,-129.99
2026-06-21 20:17:47,1,0,1,0.0,-129.99
2026-06-21 20:17:50,1,0,1,0.0,-129.99
2026-06-21 20:17:54,1,0,1,0.0,-129.99
2026-06-21 20:17:57,1,0,1,0.0,-129.99
2026-06-21 20:18:00,1,0,1,0.0,-129.99
2026-06-21 20:18:04,1,0,1,0.0,-129.99
2026-06-21 20:18:07,1,0,1,0.0,-129.99
2026-06-21 20:18:10,1,0,1,0.0,-129.99
2026-06-21 20:18:14,1,0,1,0.0,-129.99
2026-06-21 20:18:17,1,0,1,0.0,-129.99
2026-06-21 20:18:20,1,0,1,0.0,-129.99
2026-06-21 20:18:24,1,0,1,0.0,-129.99
2026-06-21 20:18:27,1,0,1,0.0,-129.99
2026-06-21 20:18:30,1,0,1,0.0,-129.99
2026-06-21 20:18:34,1,0,1,0.0,-129.99
2026-06-21 20:18:37,1,0,1,0.0,-129.99
2026-06-21 20:18:40,1,0,1,0.0,-129.99
2026-06-21 20:18:44,1,0,1,0.0,-129.99
2026-06-21 20:18:47,1,0,1,0.0,-129.99
2026-06-21 20:18:50,1,0,1,0.0,-129.99
2026-06-21 20:18:54,1,0,1,0.0,-129.99
2026-06-21 20:18:57,1,0,1,0.0,-129.99
2026-06-21 20:19:00,1,0,1,0.0,-129.99
2026-06-21 20:19:04,1,0,1,0.0,-129.99
2026-06-21 20:19:07,1,0,1,0.0,-129.99
2026-06-21 20:19:10,1,0,1,0.0,-129.99
2026-06-21 20:19:14,1,0,1,0.0,-129.99
2026-06-21 20:19:17,1,0,1,0.0,-129.99
2026-06-21 20:19:20,1,0,1,0.0,-129.99
2026-06-21 20:19:24,1,0,1,0.0,-129.99
2026-06-21 20:19:27,1,0,1,0.0,-129.99
2026-06-21 20:19:30,1,0,1,0.0,-129.99
2026-06-21 20:19:34,1,0,1,0.0,-129.99
2026-06-21 20:19:37,1,0,1,0.0,-129.99
2026-06-21 20:19:40,1,0,1,0.0,-129.99
2026-06-21 20:19:44,1,0,1,0.0,-129.99
2026-06-21 20:19:47,1,0,1,0.0,-129.99
2026-06-21 20:19:50,1,0,1,0.0,-129.99
2026-06-21 20:19:54,1,0,1,0.0,-129.99
2026-06-21 20:19:57,1,0,1,0.0,-129.99
2026-06-21 20:20:01,1,0,1,0.0,-129.99
2026-06-21 20:20:04,1,0,1,0.0,-129.99
2026-06-21 20:20:07,1,0,1,0.0,-129.99
2026-06-21 20:20:11,1,0,1,0.0,-129.99
2026-06-21 20:20:14,1,0,1,0.0,-129.99
2026-06-21 20:20:17,1,0,1,0.0,-129.99
2026-06-21 20:20:21,1,0,1,0.0,-129.99
2026-06-21 20:20:24,1,0,1,0.0,-129.99
2026-06-21 20:20:27,1,0,1,0.0,-129.99
2026-06-21 20:20:31,1,0,1,0.0,-129.99
2026-06-21 20:20:34,1,0,1,0.0,-129.99
2026-06-21 20:20:37,1,0,1,0.0,-129.99
2026-06-21 20:20:41,1,0,1,0.0,-129.99
2026-06-21 20:20:44,1,0,1,0.0,-129.99
2026-06-21 20:20:47,1,0,1,0.0,-129.99
2026-06-21 20:20:51,1,0,1,0.0,-129.99
2026-06-21 20:20:54,1,0,1,0.0,-129.99
2026-06-21 20:20:57,1,0,1,0.0,-129.99
2026-06-21 20:21:01,1,0,1,0.0,-129.99
2026-06-21 20:21:04,1,0,1,0.0,-129.99
2026-06-21 20:21:07,1,0,1,0.0,-129.99
2026-06-21 20:21:11,1,0,1,0.0,-129.99
2026-06-21 20:21:14,1,0,1,0.0,-129.99
2026-06-21 20:21:17,1,0,1,0.0,-129.99
2026-06-21 20:21:21,1,0,1,0.0,-129.99
2026-06-21 20:21:24,1,0,1,0.0,-129.99
2026-06-21 20:21:27,1,0,1,0.0,-129.99
2026-06-21 20:21:31,1,0,1,0.0,-129.99
2026-06-21 20:21:34,1,0,1,0.0,-129.99
2026-06-21 20:21:37,1,0,1,0.0,-129.99
2026-06-21 20:21:41,1,0,1,0.0,-129.99
2026-06-21 20:21:44,1,0,1,0.0,-129.99
2026-06-21 20:21:47,1,0,1,0.0,-129.99
2026-06-21 20:21:51,1,0,1,0.0,-129.99
2026-06-21 20:21:54,1,0,1,0.0,-129.99
2026-06-21 20:21:57,1,0,1,0.0,-129.99
2026-06-21 20:22:01,1,0,1,0.0,-129.99
2026-06-21 20:22:04,1,0,1,0.0,-129.99
2026-06-21 20:22:07,1,0,1,0.0,-129.99
2026-06-21 20:22:11,1,0,1,0.0,-129.99
2026-06-21 20:22:14,1,0,1,0.0,-129.99
2026-06-21 20:22:17,1,0,1,0.0,-129.99
2026-06-21 20:22:21,1,0,1,0.0,-129.99
2026-06-21 20:22:24,1,0,1,0.0,-129.99
2026-06-21 20:22:27,1,0,1,0.0,-129.99
2026-06-21 20:22:31,1,0,1,0.0,-129.99
2026-06-21 20:22:34,1,0,1,0.0,-129.99
2026-06-21 20:22:37,1,0,1,0.0,-129.99
2026-06-21 20:22:41,1,0,1,0.0,-129.99
2026-06-21 20:22:44,1,0,1,0.0,-129.99
2026-06-21 20:22:47,1,0,1,0.0,-129.99
2026-06-21 20:22:51,1,0,1,0.0,-129.99
2026-06-21 20:22:54,1,0,1,0.0,-129.99
2026-06-21 20:22:57,1,0,1,0.0,-129.99
2026-06-21 20:23:00,1,0,1,0.0,-129.99
2026-06-21 20:23:04,1,0,1,0.0,-129.99
2026-06-21 20:23:07,1,0,1,0.0,-129.99
2026-06-21 20:23:10,1,0,1,0.0,-129.99
2026-06-21 20:23:14,1,0,1,0.0,-129.99
2026-06-21 20:23:17,1,0,1,0.0,-129.99
2026-06-21 20:23:20,1,0,1,0.0,-129.99
2026-06-21 20:23:24,1,0,1,0.0,-129.99
2026-06-21 20:23:27,1,0,1,0.0,-129.99
2026-06-21 20:23:30,1,0,1,0.0,-129.99
2026-06-21 20:23:34,1,0,1,0.0,-129.99
2026-06-21 20:23:37,1,0,1,0.0,-129.99
2026-06-21 20:23:40,1,0,1,0.0,-129.99
2026-06-21 20:23:44,1,0,1,0.0,-129.99
2026-06-21 20:23:47,1,0,1,0.0,-129.99
2026-06-21 20:23:50,1,0,1,0.0,-129.99
2026-06-21 20:23:54,1,0,1,0.0,-129.99
2026-06-21 20:23:57,1,0,1,0.0,-129.99
2026-06-21 20:24:00,1,0,1,0.0,-129.99
2026-06-21 20:24:04,1,0,1,0.0,-129.99
2026-06-21 20:24:07,1,0,1,0.0,-129.99
2026-06-21 20:24:10,1,0,1,0.0,-129.99
2026-06-21 20:24:14,1,0,1,0.0,-129.99
2026-06-21 20:24:17,1,0,1,0.0,-129.99
2026-06-21 20:24:20,1,0,1,0.0,-129.99
2026-06-21 20:24:24,1,0,1,0.0,-129.99
2026-06-21 20:24:27,1,0,1,0.0,-129.99
2026-06-21 20:24:30,1,0,1,0.0,-129.99
2026-06-21 20:24:34,1,0,1,0.0,-129.99
2026-06-21 20:24:37,1,0,1,0.0,-129.99
2026-06-21 20:24:40,1,0,1,0.0,-129.99
2026-06-21 20:24:44,1,0,1,0.0,-129.99
2026-06-21 20:24:47,1,0,1,0.0,-129.99
2026-06-21 20:24:50,1,0,1,0.0,-129.99
2026-06-21 20:24:54,1,0,1,0.0,-129.99
2026-06-21 20:24:57,1,0,1,0.0,-129.99
2026-06-21 20:25:01,1,0,1,0.0,-129.99
2026-06-21 20:25:04,1,0,1,0.0,-129.99
2026-06-21 20:25:07,1,0,1,0.0,-129.99
2026-06-21 20:25:10,1,0,1,0.0,-129.99
2026-06-21 20:25:14,1,0,1,0.0,-129.99
2026-06-21 20:25:17,1,0,1,0.0,-129.99
2026-06-21 20:25:20,1,0,1,0.0,-129.99
2026-06-21 20:25:24,1,0,1,0.0,-129.99
2026-06-21 20:25:27,1,0,1,0.0,-129.99
2026-06-21 20:25:30,1,0,1,0.0,-129.99
2026-06-21 20:25:34,1,0,1,0.0,-129.99
2026-06-21 20:25:37,1,0,1,0.0,-129.99
2026-06-21 20:25:40,1,0,1,0.0,-129.99
2026-06-21 20:25:44,1,0,1,0.0,-129.99
2026-06-21 20:25:47,1,0,1,0.0,-129.99
2026-06-21 20:25:50,1,0,1,0.0,-129.99
2026-06-21 20:25:54,1,0,1,0.0,-129.99
2026-06-21 20:25:57,1,0,1,0.0,-129.99
2026-06-21 20:26:00,1,0,1,0.0,-129.99
2026-06-21 20:26:04,1,0,1,0.0,-129.99
2026-06-21 20:26:07,1,0,1,0.0,-129.99
2026-06-21 20:26:10,1,0,1,0.0,-129.99
2026-06-21 20:26:14,1,0,1,0.0,-129.99
2026-06-21 20:26:17,1,0,1,0.0,-129.99
2026-06-21 20:26:20,1,0,1,0.0,-129.99
2026-06-21 20:26:24,1,0,1,0.0,-129.99
2026-06-21 20:26:27,1,0,1,0.0,-129.99
2026-06-21 20:26:30,1,0,1,0.0,-129.99
2026-06-21 20:26:34,1,0,1,0.0,-129.99
2026-06-21 20:26:37,1,0,1,0.0,-129.99
2026-06-21 20:26:40,1,0,1,0.0,-129.99
2026-06-21 20:26:44,1,0,1,0.0,-129.99
2026-06-21 20:26:47,1,0,1,0.0,-129.99
2026-06-21 20:26:50,1,0,1,0.0,-129.99
2026-06-21 20:26:54,1,0,1,0.0,-129.99
2026-06-21 20:26:57,1,0,1,0.0,-129.99
2026-06-21 20:27:00,1,0,1,0.0,-129.99
2026-06-21 20:27:04,1,0,1,0.0,-129.99
2026-06-21 20:27:07,1,0,1,0.0,-129.99
2026-06-21 20:27:10,1,0,1,0.0,-129.99
2026-06-21 20:27:14,1,0,1,0.0,-129.99
2026-06-21 20:27:17,1,0,1,0.0,-129.99
2026-06-21 20:27:20,1,0,1,0.0,-129.99
2026-06-21 20:27:24,1,0,1,0.0,-129.99
2026-06-21 20:27:27,1,0,1,0.0,-129.99
2026-06-21 20:27:30,1,0,1,0.0,-129.99
2026-06-21 20:27:34,1,0,1,0.0,-129.99
2026-06-21 20:27:37,1,0,1,0.0,-129.99
2026-06-21 20:27:40,1,0,1,0.0,-129.99
2026-06-21 20:27:44,1,0,1,0.0,-129.99
2026-06-21 20:27:47,1,0,1,0.0,-129.99
2026-06-21 20:27:50,1,0,1,0.0,-129.99
2026-06-21 20:27:53,1,0,1,0.0,-129.99
2026-06-21 20:27:57,1,0,1,0.0,-129.99
2026-06-21 20:28:00,1,0,1,0.0,-129.99
2026-06-21 20:28:04,1,0,1,0.0,-129.99
2026-06-21 20:28:07,1,0,1,0.0,-129.99
2026-06-21 20:28:11,1,0,1,0.0,-129.99
2026-06-21 20:28:14,1,0,1,0.0,-129.99
2026-06-21 20:28:17,1,0,1,0.0,-129.99
2026-06-21 20:28:20,1,0,1,0.0,-129.99
2026-06-21 20:28:23,1,0,1,0.0,-129.99
2026-06-21 20:28:27,1,0,1,0.0,-129.99
2026-06-21 20:28:30,1,0,1,0.0,-129.99
2026-06-21 20:28:33,1,0,1,0.0,-129.99
2026-06-21 20:28:37,1,0,1,0.0,-129.99
2026-06-21 20:28:40,1,0,1,0.0,-129.99
2026-06-21 20:28:43,1,0,1,0.0,-129.99
2026-06-21 20:28:47,1,0,1,0.0,-129.99
2026-06-21 20:28:50,1,0,1,0.0,-129.99
2026-06-21 20:28:53,1,0,1,0.0,-129.99
2026-06-21 20:29:00,1,0,1,0.0,-129.99
2026-06-21 20:29:01,1,0,1,0.0,-129.99
2026-06-21 20:29:04,1,0,1,0.0,-129.99
2026-06-21 20:29:08,1,0,1,0.0,-129.99
2026-06-21 20:29:11,1,0,1,0.0,-129.99
2026-06-21 20:29:14,1,0,1,0.0,-129.99
2026-06-21 20:29:18,1,0,1,0.0,-129.99
2026-06-21 20:29:21,1,0,1,0.0,-129.99
2026-06-21 20:29:24,1,0,1,0.0,-129.99
2026-06-21 20:29:28,1,0,1,0.0,-129.99
2026-06-21 20:29:31,1,0,1,0.0,-129.99
2026-06-21 20:29:34,1,0,1,0.0,-129.99
2026-06-21 20:29:37,1,0,1,0.0,-129.99
2026-06-21 20:29:41,1,0,1,0.0,-129.99
2026-06-21 20:29:44,1,0,1,0.0,-129.99
2026-06-21 20:29:47,1,0,1,0.0,-129.99
2026-06-21 20:29:51,1,0,1,0.0,-129.99
2026-06-21 20:29:54,1,0,1,0.0,-129.99
2026-06-21 20:29:58,1,0,1,0.0,-129.99
2026-06-21 20:30:03,1,0,1,0.0,-129.99
2026-06-21 20:31:00,1,0,1,0.0,-129.99
2026-06-21 20:32:36,1,0,1,0.0,-129.99
2026-06-21 20:32:40,1,0,1,0.0,-129.99
2026-06-21 20:32:43,1,0,1,0.0,-129.99
2026-06-21 20:32:46,1,0,1,0.0,-129.99
2026-06-21 20:32:50,1,0,1,0.0,-129.99
2026-06-21 20:32:53,1,0,1,0.0,-129.99
2026-06-21 20:32:57,1,0,1,0.0,-129.99
2026-06-21 20:33:00,1,0,1,0.0,-129.99
2026-06-21 20:33:03,1,0,1,0.0,-129.99
2026-06-21 20:33:07,1,0,1,0.0,-129.99
2026-06-21 20:33:10,1,0,1,0.0,-129.99
2026-06-21 20:33:13,1,0,1,0.0,-129.99
2026-06-21 20:33:17,1,0,1,0.0,-129.99
2026-06-21 20:33:20,1,0,1,0.0,-129.99
2026-06-21 20:33:23,1,0,1,0.0,-129.99
2026-06-21 20:33:27,1,0,1,0.0,-129.99
2026-06-21 20:33:30,1,0,1,0.0,-129.99
2026-06-21 20:33:33,1,0,1,0.0,-129.99
2026-06-21 20:33:37,1,0,1,0.0,-129.99
2026-06-21 20:33:40,1,0,1,0.0,-129.99
2026-06-21 20:33:43,1,0,1,0.0,-129.99
2026-06-21 20:33:47,1,0,1,0.0,-129.99
2026-06-21 20:33:50,1,0,1,0.0,-129.99
2026-06-21 20:33:53,1,0,1,0.0,-129.99
2026-06-21 20:33:57,1,0,1,0.0,-129.99
2026-06-21 20:34:00,1,0,1,0.0,-129.99
2026-06-21 20:34:03,1,0,1,0.0,-129.99
2026-06-21 20:34:07,1,0,1,0.0,-129.99
2026-06-21 20:34:10,1,0,1,0.0,-129.99
2026-06-21 20:34:13,1,0,1,0.0,-129.99
2026-06-21 20:34:17,1,0,1,0.0,-129.99
2026-06-21 20:34:20,1,0,1,0.0,-129.99
2026-06-21 20:34:23,1,0,1,0.0,-129.99
2026-06-21 20:34:27,1,0,1,0.0,-129.99
2026-06-21 20:34:30,1,0,1,0.0,-129.99
2026-06-21 20:34:33,1,0,1,0.0,-129.99
2026-06-21 20:34:37,1,0,1,0.0,-129.99
2026-06-21 20:34:40,1,0,1,0.0,-129.99
2026-06-21 20:34:43,1,0,1,0.0,-129.99
2026-06-21 20:34:47,1,0,1,0.0,-129.99
2026-06-21 20:34:50,1,0,1,0.0,-129.99
2026-06-21 20:34:53,1,0,1,0.0,-129.99
2026-06-21 20:34:57,1,0,1,0.0,-129.99
2026-06-21 20:35:00,1,0,1,0.0,-129.99
2026-06-21 20:35:03,1,0,1,0.0,-129.99
2026-06-21 20:35:07,1,0,1,0.0,-129.99
2026-06-21 20:35:10,1,0,1,0.0,-129.99
2026-06-21 20:35:13,1,0,1,0.0,-129.99
2026-06-21 20:35:16,1,0,1,0.0,-129.99
2026-06-21 20:35:20,1,0,1,0.0,-129.99
2026-06-21 20:35:23,1,0,1,0.0,-129.99
2026-06-21 20:35:27,1,0,1,0.0,-129.99
2026-06-21 20:35:30,1,0,1,0.0,-129.99
2026-06-21 20:35:33,1,0,1,0.0,-129.99
2026-06-21 20:35:36,1,0,1,0.0,-129.99
2026-06-21 20:35:40,1,0,1,0.0,-129.99
2026-06-21 20:35:43,1,0,1,0.0,-129.99
2026-06-21 20:35:47,1,0,1,0.0,-129.99
2026-06-21 20:35:50,1,0,1,0.0,-129.99
2026-06-21 20:35:53,1,0,1,0.0,-129.99
2026-06-21 20:35:56,1,0,1,0.0,-129.99
2026-06-21 20:36:00,1,0,1,0.0,-129.99
2026-06-21 20:36:03,1,0,1,0.0,-129.99
2026-06-21 20:36:06,1,0,1,0.0,-129.99
2026-06-21 20:36:10,1,0,1,0.0,-129.99
2026-06-21 20:36:13,1,0,1,0.0,-129.99
2026-06-21 20:36:16,1,0,1,0.0,-129.99
2026-06-21 20:36:20,1,0,1,0.0,-129.99
2026-06-21 20:36:23,1,0,1,0.0,-129.99
2026-06-21 20:36:26,1,0,1,0.0,-129.99
2026-06-21 20:36:30,1,0,1,0.0,-129.99
2026-06-21 20:36:33,1,0,1,0.0,-129.99
2026-06-21 20:36:36,1,0,1,0.0,-129.99
2026-06-21 20:36:40,1,0,1,0.0,-129.99
2026-06-21 20:36:43,1,0,1,0.0,-129.99
2026-06-21 20:36:46,1,0,1,0.0,-129.99
2026-06-21 20:36:50,1,0,1,0.0,-129.99
2026-06-21 20:36:53,1,0,1,0.0,-129.99
2026-06-21 20:36:56,1,0,1,0.0,-129.99
2026-06-21 20:36:59,1,0,1,0.0,-129.99
2026-06-21 20:37:03,1,0,1,0.0,-129.99
2026-06-21 20:37:06,1,0,1,0.0,-129.99
2026-06-21 20:37:09,1,0,1,0.0,-129.99
2026-06-21 20:37:13,1,0,1,0.0,-129.99
2026-06-21 20:37:16,1,0,1,0.0,-129.99
2026-06-21 20:37:20,1,0,1,0.0,-129.99
2026-06-21 20:37:23,1,0,1,0.0,-129.99
2026-06-21 20:37:26,1,0,1,0.0,-129.99
2026-06-21 20:37:29,1,0,1,0.0,-129.99
2026-06-21 20:37:33,1,0,1,0.0,-129.99
2026-06-21 20:37:36,1,0,1,0.0,-129.99
2026-06-21 20:37:39,1,0,1,0.0,-129.99
2026-06-21 20:37:43,1,0,1,0.0,-129.99
2026-06-21 20:37:46,1,0,1,0.0,-129.99
2026-06-21 20:37:49,1,0,1,0.0,-129.99
2026-06-21 20:37:53,1,0,1,0.0,-129.99
2026-06-21 20:37:56,1,0,1,0.0,-129.99
2026-06-21 20:37:59,1,0,1,0.0,-129.99
2026-06-21 20:38:03,1,0,1,0.0,-129.99
2026-06-21 20:38:06,1,0,1,0.0,-129.99
2026-06-21 20:38:10,1,0,1,0.0,-129.99
2026-06-21 20:38:13,1,0,1,0.0,-129.99
2026-06-21 20:38:16,1,0,1,0.0,-129.99
2026-06-21 20:38:20,1,0,1,0.0,-129.99
2026-06-21 20:38:23,1,0,1,0.0,-129.99
2026-06-21 20:38:26,1,0,1,0.0,-129.99
2026-06-21 20:38:30,1,0,1,0.0,-129.99
2026-06-21 20:38:33,1,0,1,0.0,-129.99
2026-06-21 20:38:36,1,0,1,0.0,-129.99
2026-06-21 20:38:40,1,0,1,0.0,-129.99
2026-06-21 20:38:43,1,0,1,0.0,-129.99
2026-06-21 20:38:46,1,0,1,0.0,-129.99
2026-06-21 20:38:50,1,0,1,0.0,-129.99
2026-06-21 20:38:53,1,0,1,0.0,-129.99
2026-06-21 20:38:56,1,0,1,0.0,-129.99
2026-06-21 20:38:59,1,0,1,0.0,-129.99
2026-06-21 20:39:03,1,0,1,0.0,-129.99
2026-06-21 20:39:06,1,0,1,0.0,-129.99
2026-06-21 20:39:10,1,0,1,0.0,-129.99
2026-06-21 20:39:13,1,0,1,0.0,-129.99
2026-06-21 20:39:16,1,0,1,0.0,-129.99
2026-06-21 20:39:20,1,0,1,0.0,-129.99
2026-06-21 20:39:23,1,0,1,0.0,-129.99
2026-06-21 20:39:26,1,0,1,0.0,-129.99
2026-06-21 20:39:30,1,0,1,0.0,-129.99
2026-06-21 20:39:33,1,0,1,0.0,-129.99
2026-06-21 20:39:36,1,0,1,0.0,-129.99
2026-06-21 20:39:40,1,0,1,0.0,-129.99
2026-06-21 20:39:43,1,0,1,0.0,-129.99
2026-06-21 20:39:46,1,0,1,0.0,-129.99
2026-06-21 20:39:50,1,0,1,0.0,-129.99
2026-06-21 20:39:53,1,0,1,0.0,-129.99
2026-06-21 20:39:56,1,0,1,0.0,-129.99
2026-06-21 20:40:00,1,0,1,0.0,-129.99
2026-06-21 20:40:03,1,0,1,0.0,-129.99
2026-06-21 20:40:06,1,0,1,0.0,-129.99
2026-06-21 20:40:10,1,0,1,0.0,-129.99
2026-06-21 20:40:13,1,0,1,0.0,-129.99
2026-06-21 20:40:16,1,0,1,0.0,-129.99
2026-06-21 20:40:20,1,0,1,0.0,-129.99
2026-06-21 20:40:23,1,0,1,0.0,-129.99
2026-06-21 20:40:26,1,0,1,0.0,-129.99
2026-06-21 20:40:30,1,0,1,0.0,-129.99
2026-06-21 20:40:33,1,0,1,0.0,-129.99
2026-06-21 20:40:36,1,0,1,0.0,-129.99
2026-06-21 20:40:40,1,0,1,0.0,-129.99
2026-06-21 20:40:43,1,0,1,0.0,-129.99
2026-06-21 20:40:46,1,0,1,0.0,-129.99
2026-06-21 20:40:50,1,0,1,0.0,-129.99
2026-06-21 20:40:53,1,0,1,0.0,-129.99
2026-06-21 20:40:56,1,0,1,0.0,-129.99
2026-06-21 20:41:00,1,0,1,0.0,-129.99
2026-06-21 20:41:03,1,0,1,0.0,-129.99
2026-06-21 20:41:06,1,0,1,0.0,-129.99
2026-06-21 20:41:10,1,0,1,0.0,-129.99
2026-06-21 20:41:13,1,0,1,0.0,-129.99
2026-06-21 20:41:16,1,0,1,0.0,-129.99
2026-06-21 20:41:20,1,0,1,0.0,-129.99
2026-06-21 20:41:23,1,0,1,0.0,-129.99
2026-06-21 20:41:26,1,0,1,0.0,-129.99
2026-06-21 20:41:30,1,0,1,0.0,-129.99
2026-06-21 20:41:33,1,0,1,0.0,-129.99
2026-06-21 20:41:36,1,0,1,0.0,-129.99
2026-06-21 20:41:40,1,0,1,0.0,-129.99
2026-06-21 20:41:43,1,0,1,0.0,-129.99
2026-06-21 20:41:46,1,0,1,0.0,-129.99
2026-06-21 20:41:50,1,0,1,0.0,-129.99
2026-06-21 20:41:53,1,0,1,0.0,-129.99
2026-06-21 20:41:57,1,0,1,0.0,-129.99
2026-06-21 20:42:00,1,0,1,0.0,-129.99
2026-06-21 20:42:03,1,0,1,0.0,-129.99
2026-06-21 20:42:06,1,0,1,0.0,-129.99
2026-06-21 20:42:10,1,0,1,0.0,-129.99
2026-06-21 20:42:13,1,0,1,0.0,-129.99
2026-06-21 20:42:16,1,0,1,0.0,-129.99
2026-06-21 20:42:20,1,0,1,0.0,-129.99
2026-06-21 20:42:23,1,0,1,0.0,-129.99
2026-06-21 20:42:26,1,0,1,0.0,-129.99
2026-06-21 20:42:30,1,0,1,0.0,-129.99
2026-06-21 20:42:33,1,0,1,0.0,-129.99
2026-06-21 20:42:36,1,0,1,0.0,-129.99
2026-06-21 20:42:40,1,0,1,0.0,-129.99
2026-06-21 20:42:43,1,0,1,0.0,-129.99
2026-06-21 20:42:46,1,0,1,0.0,-129.99
2026-06-21 20:42:50,1,0,1,0.0,-129.99
2026-06-21 20:42:53,1,0,1,0.0,-129.99
2026-06-21 20:42:56,1,0,1,0.0,-129.99
2026-06-21 20:43:00,1,0,1,0.0,-129.99
2026-06-21 20:43:03,1,0,1,0.0,-129.99
2026-06-21 20:43:06,1,0,1,0.0,-129.99
2026-06-21 20:43:10,1,0,1,0.0,-129.99
2026-06-21 20:43:13,1,0,1,0.0,-129.99
2026-06-21 20:43:16,1,0,1,0.0,-129.99
2026-06-21 20:43:20,1,0,1,0.0,-129.99
2026-06-21 20:43:23,1,0,1,0.0,-129.99
2026-06-21 20:43:26,1,0,1,0.0,-129.99
2026-06-21 20:43:30,1,0,1,0.0,-129.99
2026-06-21 20:43:33,1,0,1,0.0,-129.99
2026-06-21 20:43:36,1,0,1,0.0,-129.99
2026-06-21 20:43:40,1,0,1,0.0,-129.99
2026-06-21 20:43:43,1,0,1,0.0,-129.99
2026-06-21 20:43:46,1,0,1,0.0,-129.99
2026-06-21 20:43:50,1,0,1,0.0,-129.99
2026-06-21 20:43:53,1,0,1,0.0,-129.99
2026-06-21 20:43:56,1,0,1,0.0,-129.99
2026-06-21 20:44:00,1,0,1,0.0,-129.99
2026-06-21 20:44:03,1,0,1,0.0,-129.99
2026-06-21 20:44:06,1,0,1,0.0,-129.99
2026-06-21 20:44:10,1,0,1,0.0,-129.99
2026-06-21 20:44:13,1,0,1,0.0,-129.99
2026-06-21 20:44:16,1,0,1,0.0,-129.99
2026-06-21 20:44:20,1,0,1,0.0,-129.99
2026-06-21 20:44:23,1,0,1,0.0,-129.99
2026-06-21 20:44:26,1,0,1,0.0,-129.99
2026-06-21 20:44:30,1,0,1,0.0,-129.99
2026-06-21 20:44:33,1,0,1,0.0,-129.99
2026-06-21 20:44:36,1,0,1,0.0,-129.99
2026-06-21 20:44:40,1,0,1,0.0,-129.99
2026-06-21 20:44:43,1,0,1,0.0,-129.99
2026-06-21 20:44:46,1,0,1,0.0,-129.99
2026-06-21 20:44:50,1,0,1,0.0,-129.99
2026-06-21 20:44:53,1,0,1,0.0,-129.99
2026-06-21 20:44:56,1,0,1,0.0,-129.99
2026-06-21 20:45:00,1,0,1,0.0,-129.99
2026-06-21 20:45:03,1,0,1,0.0,-129.99
2026-06-21 20:45:06,1,0,1,0.0,-129.99
2026-06-21 20:45:10,1,0,1,0.0,-129.99
2026-06-21 20:45:13,1,0,1,0.0,-129.99
2026-06-21 20:45:16,1,0,1,0.0,-129.99
2026-06-21 20:45:20,1,0,1,0.0,-129.99
2026-06-21 20:45:23,1,0,1,0.0,-129.99
2026-06-21 20:45:26,1,0,1,0.0,-129.99
2026-06-21 20:45:30,1,0,1,0.0,-129.99
2026-06-21 20:45:33,1,0,1,0.0,-129.99
2026-06-21 20:45:36,1,0,1,0.0,-129.99
2026-06-21 20:45:40,1,0,1,0.0,-129.99
2026-06-21 20:45:43,1,0,1,0.0,-129.99
2026-06-21 20:45:46,1,0,1,0.0,-129.99
2026-06-21 20:45:50,1,0,1,0.0,-129.99
2026-06-21 20:45:53,1,0,1,0.0,-129.99
2026-06-21 20:45:56,1,0,1,0.0,-129.99
2026-06-21 20:46:00,1,0,1,0.0,-129.99
2026-06-21 20:46:03,1,0,1,0.0,-129.99
2026-06-21 20:46:06,1,0,1,0.0,-129.99
2026-06-21 20:46:10,1,0,1,0.0,-129.99
2026-06-21 20:46:13,1,0,1,0.0,-129.99
2026-06-21 20:46:16,1,0,1,0.0,-129.99
2026-06-21 20:46:20,1,0,1,0.0,-129.99
2026-06-21 20:46:23,1,0,1,0.0,-129.99
2026-06-21 20:46:27,1,0,1,0.0,-129.99
2026-06-21 20:46:30,1,0,1,0.0,-129.99
2026-06-21 20:46:33,1,0,1,0.0,-129.99
2026-06-21 20:46:36,1,0,1,0.0,-129.99
2026-06-21 20:46:40,1,0,1,0.0,-129.99
2026-06-21 20:46:43,1,0,1,0.0,-129.99
2026-06-21 20:46:46,1,0,1,0.0,-129.99
2026-06-21 20:46:50,1,0,1,0.0,-129.99
2026-06-21 20:46:53,1,0,1,0.0,-129.99
2026-06-21 20:46:56,1,0,1,0.0,-129.99
2026-06-21 20:47:00,1,0,1,0.0,-129.99
2026-06-21 20:47:03,1,0,1,0.0,-129.99
2026-06-21 20:47:06,1,0,1,0.0,-129.99
2026-06-21 20:47:10,1,0,1,0.0,-129.99
2026-06-21 20:47:13,1,0,1,0.0,-129.99
2026-06-21 20:47:16,1,0,1,0.0,-129.99
2026-06-21 20:47:20,1,0,1,0.0,-129.99
2026-06-21 20:47:23,1,0,1,0.0,-129.99
2026-06-21 20:47:26,1,0,1,0.0,-129.99
2026-06-21 20:47:30,1,0,1,0.0,-129.99
2026-06-21 20:47:33,1,0,1,0.0,-129.99
2026-06-21 20:47:36,1,0,1,0.0,-129.99
2026-06-21 20:47:40,1,0,1,0.0,-129.99
2026-06-21 20:47:43,1,0,1,0.0,-129.99
2026-06-21 20:47:46,1,0,1,0.0,-129.99
2026-06-21 20:47:50,1,0,1,0.0,-129.99
2026-06-21 20:47:53,1,0,1,0.0,-129.99
2026-06-21 20:47:56,1,0,1,0.0,-129.99
2026-06-21 20:48:00,1,0,1,0.0,-129.99
2026-06-21 20:48:03,1,0,1,0.0,-129.99
2026-06-21 20:48:06,1,0,1,0.0,-129.99
2026-06-21 20:48:10,1,0,1,0.0,-129.99
2026-06-21 20:48:13,1,0,1,0.0,-129.99
2026-06-21 20:48:16,1,0,1,0.0,-129.99
2026-06-21 20:48:20,1,0,1,0.0,-129.99
2026-06-21 20:48:23,1,0,1,0.0,-129.99
2026-06-21 20:48:26,1,0,1,0.0,-129.99
2026-06-21 20:48:30,1,0,1,0.0,-129.99
2026-06-21 20:48:33,1,0,1,0.0,-129.99
2026-06-21 20:48:36,1,0,1,0.0,-129.99
2026-06-21 20:48:40,1,0,1,0.0,-129.99
2026-06-21 20:48:43,1,0,1,0.0,-129.99
2026-06-21 20:48:46,1,0,1,0.0,-129.99
2026-06-21 20:48:50,1,0,1,0.0,-129.99
2026-06-21 20:48:53,1,0,1,0.0,-129.99
2026-06-21 20:48:56,1,0,1,0.0,-129.99
2026-06-21 20:49:00,1,0,1,0.0,-129.99
2026-06-21 20:49:03,1,0,1,0.0,-129.99
2026-06-21 20:49:06,1,0,1,0.0,-129.99
2026-06-21 20:49:10,1,0,1,0.0,-129.99
2026-06-21 20:49:13,1,0,1,0.0,-129.99
2026-06-21 20:49:16,1,0,1,0.0,-129.99
2026-06-21 20:49:20,1,0,1,0.0,-129.99
2026-06-21 20:49:23,1,0,1,0.0,-129.99
2026-06-21 20:49:26,1,0,1,0.0,-129.99
2026-06-21 20:49:30,1,0,1,0.0,-129.99
2026-06-21 20:49:33,1,0,1,0.0,-129.99
2026-06-21 20:49:36,1,0,1,0.0,-129.99
2026-06-21 20:49:40,1,0,1,0.0,-129.99
2026-06-21 20:49:43,1,0,1,0.0,-129.99
2026-06-21 20:49:46,1,0,1,0.0,-129.99
2026-06-21 20:49:50,1,0,1,0.0,-129.99
2026-06-21 20:49:53,1,0,1,0.0,-129.99
2026-06-21 20:49:56,1,0,1,0.0,-129.99
2026-06-21 20:50:00,1,0,1,0.0,-129.99
2026-06-21 20:50:03,1,0,1,0.0,-129.99
2026-06-21 20:50:06,1,0,1,0.0,-129.99
2026-06-21 20:50:10,1,0,1,0.0,-129.99
2026-06-21 20:50:13,1,0,1,0.0,-129.99
2026-06-21 20:50:16,1,0,1,0.0,-129.99
2026-06-21 20:50:20,1,0,1,0.0,-129.99
2026-06-21 20:50:23,1,0,1,0.0,-129.99
2026-06-21 20:50:26,1,0,1,0.0,-129.99
2026-06-21 20:50:30,1,0,1,0.0,-129.99
2026-06-21 20:50:33,1,0,1,0.0,-129.99
2026-06-21 20:50:36,1,0,1,0.0,-129.99
2026-06-21 20:50:40,1,0,1,0.0,-129.99
2026-06-21 20:50:43,1,0,1,0.0,-129.99
2026-06-21 20:50:46,1,0,1,0.0,-129.99
2026-06-21 20:50:50,1,0,1,0.0,-129.99
2026-06-21 20:50:53,1,0,1,0.0,-129.99
2026-06-21 20:50:56,1,0,1,0.0,-129.99
2026-06-21 20:51:00,1,0,1,0.0,-129.99
2026-06-21 20:51:03,1,0,1,0.0,-129.99
2026-06-21 20:51:06,1,0,1,0.0,-129.99
2026-06-21 20:51:10,1,0,1,0.0,-129.99
2026-06-21 20:51:13,1,0,1,0.0,-129.99
2026-06-21 20:51:16,1,0,1,0.0,-129.99
2026-06-21 20:51:20,1,0,1,0.0,-129.99
2026-06-21 20:51:23,1,0,1,0.0,-129.99
2026-06-21 20:51:26,1,0,1,0.0,-129.99
2026-06-21 20:51:30,1,0,1,0.0,-129.99
2026-06-21 20:51:33,1,0,1,0.0,-129.99
2026-06-21 20:51:36,1,0,1,0.0,-129.99
2026-06-21 20:51:40,1,0,1,0.0,-129.99
2026-06-21 20:51:43,1,0,1,0.0,-129.99
2026-06-21 20:51:46,1,0,1,0.0,-129.99
2026-06-21 20:51:50,1,0,1,0.0,-129.99
2026-06-21 20:51:53,1,0,1,0.0,-129.99
2026-06-21 20:51:56,1,0,1,0.0,-129.99
2026-06-21 20:52:00,1,0,1,0.0,-129.99
2026-06-21 20:52:03,1,0,1,0.0,-129.99
2026-06-21 20:52:06,1,0,1,0.0,-129.99
2026-06-21 20:52:10,1,0,1,0.0,-129.99
2026-06-21 20:52:13,1,0,1,0.0,-129.99
2026-06-21 20:52:16,1,0,1,0.0,-129.99
2026-06-21 20:52:20,1,0,1,0.0,-129.99
2026-06-21 20:52:23,1,0,1,0.0,-129.99
2026-06-21 20:52:26,1,0,1,0.0,-129.99
2026-06-21 20:52:30,1,0,1,0.0,-129.99
2026-06-21 20:52:33,1,0,1,0.0,-129.99
2026-06-21 20:52:36,1,0,1,0.0,-129.99
2026-06-21 20:52:40,1,0,1,0.0,-129.99
2026-06-21 20:52:43,1,0,1,0.0,-129.99
2026-06-21 20:52:46,1,0,1,0.0,-129.99
2026-06-21 20:52:50,1,0,1,0.0,-129.99
2026-06-21 20:52:53,1,0,1,0.0,-129.99
2026-06-21 20:52:56,1,0,1,0.0,-129.99
2026-06-21 20:53:00,1,0,1,0.0,-129.99
2026-06-21 20:53:03,1,0,1,0.0,-129.99
2026-06-21 20:53:06,1,0,1,0.0,-129.99
2026-06-21 20:53:10,1,0,1,0.0,-129.99
2026-06-21 20:53:13,1,0,1,0.0,-129.99
2026-06-21 20:53:16,1,0,1,0.0,-129.99
2026-06-21 20:53:20,1,0,1,0.0,-129.99
2026-06-21 20:53:23,1,0,1,0.0,-129.99
2026-06-21 20:53:26,1,0,1,0.0,-129.99
2026-06-21 20:53:30,1,0,1,0.0,-129.99
2026-06-21 20:53:33,1,0,1,0.0,-129.99
2026-06-21 20:53:36,1,0,1,0.0,-129.99
2026-06-21 20:53:40,1,0,1,0.0,-129.99
2026-06-21 20:53:43,1,0,1,0.0,-129.99
2026-06-21 20:53:46,1,0,1,0.0,-129.99
2026-06-21 20:53:50,1,0,1,0.0,-129.99
2026-06-21 20:53:53,1,0,1,0.0,-129.99
2026-06-21 20:53:56,1,0,1,0.0,-129.99
2026-06-21 20:54:00,1,0,1,0.0,-129.99
2026-06-21 20:54:03,1,0,1,0.0,-129.99
2026-06-21 20:54:07,1,0,1,0.0,-129.99
2026-06-21 20:54:10,1,0,1,0.0,-129.99
2026-06-21 20:54:13,1,0,1,0.0,-129.99
2026-06-21 20:54:17,1,0,1,0.0,-129.99
2026-06-21 20:54:20,1,0,1,0.0,-129.99
2026-06-21 20:54:23,1,0,1,0.0,-129.99
2026-06-21 20:54:27,1,0,1,0.0,-129.99
2026-06-21 20:54:30,1,0,1,0.0,-129.99
2026-06-21 20:54:33,1,0,1,0.0,-129.99
2026-06-21 20:54:37,1,0,1,0.0,-129.99
2026-06-21 20:54:40,1,0,1,0.0,-129.99
2026-06-21 20:54:43,1,0,1,0.0,-129.99
2026-06-21 20:54:47,1,0,1,0.0,-129.99
2026-06-21 20:54:50,1,0,1,0.0,-129.99
2026-06-21 20:54:53,1,0,1,0.0,-129.99
2026-06-21 20:54:57,1,0,1,0.0,-129.99
2026-06-21 20:55:00,1,0,1,0.0,-129.99
2026-06-21 20:55:03,1,0,1,0.0,-129.99
2026-06-21 20:55:07,1,0,1,0.0,-129.99
2026-06-21 20:55:10,1,0,1,0.0,-129.99
2026-06-21 20:55:13,1,0,1,0.0,-129.99
2026-06-21 20:55:17,1,0,1,0.0,-129.99
2026-06-21 20:55:20,1,0,1,0.0,-129.99
2026-06-21 20:55:23,1,0,1,0.0,-129.99
2026-06-21 20:55:27,1,0,1,0.0,-129.99
2026-06-21 20:55:30,1,0,1,0.0,-129.99
2026-06-21 20:55:33,1,0,1,0.0,-129.99
2026-06-21 20:55:37,1,0,1,0.0,-129.99
2026-06-21 20:55:40,1,0,1,0.0,-129.99
2026-06-21 20:55:43,1,0,1,0.0,-129.99
2026-06-21 20:55:47,1,0,1,0.0,-129.99
2026-06-21 20:55:50,1,0,1,0.0,-129.99
2026-06-21 20:55:53,1,0,1,0.0,-129.99
2026-06-21 20:55:57,1,0,1,0.0,-129.99
2026-06-21 20:56:00,1,0,1,0.0,-129.99
2026-06-21 20:56:03,1,0,1,0.0,-129.99
2026-06-21 20:56:07,1,0,1,0.0,-129.99
2026-06-21 20:56:10,1,0,1,0.0,-129.99
2026-06-21 20:56:13,1,0,1,0.0,-129.99
2026-06-21 20:56:17,1,0,1,0.0,-129.99
2026-06-21 20:56:20,1,0,1,0.0,-129.99
2026-06-21 20:56:23,1,0,1,0.0,-129.99
2026-06-21 20:56:27,1,0,1,0.0,-129.99
2026-06-21 20:56:30,1,0,1,0.0,-129.99
2026-06-21 20:56:33,1,0,1,0.0,-129.99
2026-06-21 20:56:37,1,0,1,0.0,-129.99
2026-06-21 20:56:40,1,0,1,0.0,-129.99
2026-06-21 20:56:43,1,0,1,0.0,-129.99
2026-06-21 20:56:47,1,0,1,0.0,-129.99
2026-06-21 20:56:50,1,0,1,0.0,-129.99
2026-06-21 20:56:53,1,0,1,0.0,-129.99
2026-06-21 20:56:57,1,0,1,0.0,-129.99
2026-06-21 20:57:00,1,0,1,0.0,-129.99
2026-06-21 20:57:03,1,0,1,0.0,-129.99
2026-06-21 20:57:07,1,0,1,0.0,-129.99
2026-06-21 20:57:10,1,0,1,0.0,-129.99
2026-06-21 20:57:13,1,0,1,0.0,-129.99
2026-06-21 20:57:17,1,0,1,0.0,-129.99
2026-06-21 20:57:20,1,0,1,0.0,-129.99
2026-06-21 20:57:23,1,0,1,0.0,-129.99
2026-06-21 20:57:27,1,0,1,0.0,-129.99
2026-06-21 20:57:30,1,0,1,0.0,-129.99
2026-06-21 20:57:33,1,0,1,0.0,-129.99
2026-06-21 20:57:37,1,0,1,0.0,-129.99
2026-06-21 20:57:40,1,0,1,0.0,-129.99
2026-06-21 20:57:43,1,0,1,0.0,-129.99
2026-06-21 20:57:46,1,0,1,0.0,-129.99
2026-06-21 20:57:50,1,0,1,0.0,-129.99
2026-06-21 20:57:53,1,0,1,0.0,-129.99
2026-06-21 20:57:56,1,0,1,0.0,-129.99
2026-06-21 20:58:00,1,0,1,0.0,-129.99
2026-06-21 20:58:03,1,0,1,0.0,-129.99
2026-06-21 20:58:07,1,0,1,0.0,-129.99
2026-06-21 20:58:10,1,0,1,0.0,-129.99
2026-06-21 20:58:13,1,0,1,0.0,-129.99
2026-06-21 20:58:17,1,0,1,0.0,-129.99
2026-06-21 20:58:20,1,0,1,0.0,-129.99
2026-06-21 20:58:23,1,0,1,0.0,-129.99
2026-06-21 20:58:27,1,0,1,0.0,-129.99
2026-06-21 20:58:30,1,0,1,0.0,-129.99
2026-06-21 20:58:33,1,0,1,0.0,-129.99
2026-06-21 20:58:37,1,0,1,0.0,-129.99
2026-06-21 20:58:40,1,0,1,0.0,-129.99
2026-06-21 20:58:43,1,0,1,0.0,-129.99
2026-06-21 20:58:47,1,0,1,0.0,-129.99
2026-06-21 20:58:50,1,0,1,0.0,-129.99
2026-06-21 20:58:53,1,0,1,0.0,-129.99
2026-06-21 20:58:56,1,0,1,0.0,-129.99
2026-06-21 20:59:00,1,0,1,0.0,-129.99
2026-06-21 20:59:03,1,0,1,0.0,-129.99
2026-06-21 20:59:06,1,0,1,0.0,-129.99
2026-06-21 20:59:10,1,0,1,0.0,-129.99
2026-06-21 20:59:13,1,0,1,0.0,-129.99
2026-06-21 20:59:16,1,0,1,0.0,-129.99
2026-06-21 20:59:20,1,0,1,0.0,-129.99
2026-06-21 20:59:23,1,0,1,0.0,-129.99
2026-06-21 20:59:26,1,0,1,0.0,-129.99
2026-06-21 20:59:30,1,0,1,0.0,-129.99
2026-06-21 20:59:33,1,0,1,0.0,-129.99
2026-06-21 20:59:36,1,0,1,0.0,-129.99
2026-06-21 20:59:40,1,0,1,0.0,-129.99
2026-06-21 20:59:43,1,0,1,0.0,-129.99
2026-06-21 20:59:46,1,0,1,0.0,-129.99
2026-06-21 20:59:50,1,0,1,0.0,-129.99
2026-06-21 20:59:53,1,0,1,0.0,-129.99
2026-06-21 20:59:56,1,0,1,0.0,-129.99
2026-06-21 21:00:00,1,0,1,0.0,-129.99
2026-06-21 21:00:06,1,0,1,0.0,-129.99
2026-06-21 21:00:07,1,0,1,0.0,-129.99
2026-06-21 21:00:10,1,0,1,0.0,-129.99
2026-06-21 21:00:14,1,0,1,0.0,-129.99
2026-06-21 21:00:17,1,0,1,0.0,-129.99
2026-06-21 21:00:20,1,0,1,0.0,-129.99
2026-06-21 21:00:24,1,0,1,0.0,-129.99
2026-06-21 21:00:27,1,0,1,0.0,-129.99
2026-06-21 21:00:30,1,0,1,0.0,-129.99
2026-06-21 21:00:34,1,0,1,0.0,-129.99
2026-06-21 21:00:37,1,0,1,0.0,-129.99
2026-06-21 21:00:40,1,0,1,0.0,-129.99
2026-06-21 21:00:44,1,0,1,0.0,-129.99
2026-06-21 21:00:47,1,0,1,0.0,-129.99
2026-06-21 21:00:50,1,0,1,0.0,-129.99
2026-06-21 21:00:54,1,0,1,0.0,-129.99
2026-06-21 21:00:57,1,0,1,0.0,-129.99
2026-06-21 21:01:00,1,0,1,0.0,-129.99
2026-06-21 21:01:04,1,0,1,0.0,-129.99
2026-06-21 21:01:07,1,0,1,0.0,-129.99
2026-06-21 21:01:10,1,0,1,0.0,-129.99
2026-06-21 21:01:14,1,0,1,0.0,-129.99
2026-06-21 21:01:17,1,0,1,0.0,-129.99
2026-06-21 21:01:20,1,0,1,0.0,-129.99
2026-06-21 21:01:24,1,0,1,0.0,-129.99
2026-06-21 21:01:27,1,0,1,0.0,-129.99
2026-06-21 21:01:30,1,0,1,0.0,-129.99
2026-06-21 21:01:34,1,0,1,0.0,-129.99
2026-06-21 21:01:37,1,0,1,0.0,-129.99
2026-06-21 21:01:40,1,0,1,0.0,-129.99
2026-06-21 21:01:44,1,0,1,0.0,-129.99
2026-06-21 21:01:47,1,0,1,0.0,-129.99
2026-06-21 21:01:50,1,0,1,0.0,-129.99
2026-06-21 21:01:54,1,0,1,0.0,-129.99
2026-06-21 21:01:57,1,0,1,0.0,-129.99
2026-06-21 21:02:00,1,0,1,0.0,-129.99
2026-06-21 21:02:04,1,0,1,0.0,-129.99
2026-06-21 21:02:07,1,0,1,0.0,-129.99
2026-06-21 21:02:10,1,0,1,0.0,-129.99
2026-06-21 21:02:14,1,0,1,0.0,-129.99
2026-06-21 21:02:17,1,0,1,0.0,-129.99
2026-06-21 21:02:20,1,0,1,0.0,-129.99
2026-06-21 21:02:24,1,0,1,0.0,-129.99
2026-06-21 21:02:27,1,0,1,0.0,-129.99
2026-06-21 21:02:30,1,0,1,0.0,-129.99
2026-06-21 21:02:34,1,0,1,0.0,-129.99
2026-06-21 21:02:37,1,0,1,0.0,-129.99
2026-06-21 21:02:40,1,0,1,0.0,-129.99
2026-06-21 21:02:43,1,0,1,0.0,-129.99
2026-06-21 21:02:47,1,0,1,0.0,-129.99
2026-06-21 21:02:50,1,0,1,0.0,-129.99
2026-06-21 21:02:54,1,0,1,0.0,-129.99
2026-06-21 21:02:57,1,0,1,0.0,-129.99
2026-06-21 21:03:00,1,0,1,0.0,-129.99
2026-06-21 21:03:03,1,0,1,0.0,-129.99
2026-06-21 21:03:07,1,0,1,0.0,-129.99
2026-06-21 21:03:10,1,0,1,0.0,-129.99
2026-06-21 21:03:13,1,0,1,0.0,-129.99
2026-06-21 21:03:17,1,0,1,0.0,-129.99
2026-06-21 21:03:20,1,0,1,0.0,-129.99
2026-06-21 21:03:24,1,0,1,0.0,-129.99
2026-06-21 21:03:27,1,0,1,0.0,-129.99
2026-06-21 21:03:30,1,0,1,0.0,-129.99
2026-06-21 21:03:33,1,0,1,0.0,-129.99
2026-06-21 21:03:37,1,0,1,0.0,-129.99
2026-06-21 21:03:40,1,0,1,0.0,-129.99
2026-06-21 21:03:44,1,0,1,0.0,-129.99
2026-06-21 21:03:47,1,0,1,0.0,-129.99
2026-06-21 21:03:50,1,0,1,0.0,-129.99
2026-06-21 21:03:54,1,0,1,0.0,-129.99
2026-06-21 21:03:57,1,0,1,0.0,-129.99
2026-06-21 21:04:00,1,0,1,0.0,-129.99
2026-06-21 21:04:04,1,0,1,0.0,-129.99
2026-06-21 21:04:07,1,0,1,0.0,-129.99
2026-06-21 21:04:10,1,0,1,0.0,-129.99
2026-06-21 21:04:13,1,0,1,0.0,-129.99
2026-06-21 21:04:17,1,0,1,0.0,-129.99
2026-06-21 21:04:20,1,0,1,0.0,-129.99
2026-06-21 21:04:23,1,0,1,0.0,-129.99
2026-06-21 21:04:27,1,0,1,0.0,-129.99
2026-06-21 21:04:30,1,0,1,0.0,-129.99
2026-06-21 21:04:33,1,0,1,0.0,-129.99
2026-06-21 21:04:37,1,0,1,0.0,-129.99
2026-06-21 21:04:40,1,0,1,0.0,-129.99
2026-06-21 21:04:43,1,0,1,0.0,-129.99
2026-06-21 21:04:47,1,0,1,0.0,-129.99
2026-06-21 21:04:50,1,0,1,0.0,-129.99
2026-06-21 21:04:53,1,0,1,0.0,-129.99
2026-06-21 21:04:57,1,0,1,0.0,-129.99
2026-06-21 21:05:00,1,0,1,0.0,-129.99
2026-06-21 21:05:03,1,0,1,0.0,-129.99
2026-06-21 21:05:07,1,0,1,0.0,-129.99
2026-06-21 21:05:10,1,0,1,0.0,-129.99
2026-06-21 21:05:13,1,0,1,0.0,-129.99
2026-06-21 21:05:17,1,0,1,0.0,-129.99
2026-06-21 21:05:20,1,0,1,0.0,-129.99
2026-06-21 21:05:23,1,0,1,0.0,-129.99
2026-06-21 21:05:27,1,0,1,0.0,-129.99
2026-06-21 21:05:30,1,0,1,0.0,-129.99
2026-06-21 21:05:33,1,0,1,0.0,-129.99
2026-06-21 21:05:37,1,0,1,0.0,-129.99
2026-06-21 21:05:40,1,0,1,0.0,-129.99
2026-06-21 21:05:43,1,0,1,0.0,-129.99
2026-06-21 21:05:47,1,0,1,0.0,-129.99
2026-06-21 21:05:50,1,0,1,0.0,-129.99
2026-06-21 21:05:53,1,0,1,0.0,-129.99
2026-06-21 21:05:57,1,0,1,0.0,-129.99
2026-06-21 21:06:00,1,0,1,0.0,-129.99
2026-06-21 21:06:03,1,0,1,0.0,-129.99
2026-06-21 21:06:07,1,0,1,0.0,-129.99
2026-06-21 21:06:10,1,0,1,0.0,-129.99
2026-06-21 21:06:13,1,0,1,0.0,-129.99
2026-06-21 21:06:17,1,0,1,0.0,-129.99
2026-06-21 21:06:20,1,0,1,0.0,-129.99
2026-06-21 21:06:23,1,0,1,0.0,-129.99
2026-06-21 21:06:27,1,0,1,0.0,-129.99
2026-06-21 21:06:30,1,0,1,0.0,-129.99
2026-06-21 21:06:33,1,0,1,0.0,-129.99
2026-06-21 21:06:37,1,0,1,0.0,-129.99
2026-06-21 21:06:40,1,0,1,0.0,-129.99
2026-06-21 21:06:43,1,0,1,0.0,-129.99
2026-06-21 21:06:47,1,0,1,0.0,-129.99
2026-06-21 21:06:50,1,0,1,0.0,-129.99
2026-06-21 21:06:53,1,0,1,0.0,-129.99
2026-06-21 21:06:57,1,0,1,0.0,-129.99
2026-06-21 21:07:00,1,0,1,0.0,-129.99
2026-06-21 21:07:03,1,0,1,0.0,-129.99
2026-06-21 21:07:07,1,0,1,0.0,-129.99
2026-06-21 21:07:10,1,0,1,0.0,-129.99
2026-06-21 21:07:13,1,0,1,0.0,-129.99
2026-06-21 21:07:17,1,0,1,0.0,-129.99
2026-06-21 21:07:20,1,0,1,0.0,-129.99
2026-06-21 21:07:23,1,0,1,0.0,-129.99
2026-06-21 21:07:27,1,0,1,0.0,-129.99
2026-06-21 21:07:30,1,0,1,0.0,-129.99
2026-06-21 21:07:33,1,0,1,0.0,-129.99
2026-06-21 21:07:37,1,0,1,0.0,-129.99
2026-06-21 21:07:40,1,0,1,0.0,-129.99
2026-06-21 21:07:43,1,0,1,0.0,-129.99
2026-06-21 21:07:47,1,0,1,0.0,-129.99
2026-06-21 21:07:50,1,0,1,0.0,-129.99
2026-06-21 21:07:53,1,0,1,0.0,-129.99
2026-06-21 21:07:57,1,0,1,0.0,-129.99
2026-06-21 21:08:00,1,0,1,0.0,-129.99
2026-06-21 21:08:03,1,0,1,0.0,-129.99
2026-06-21 21:08:07,1,0,1,0.0,-129.99
2026-06-21 21:08:10,1,0,1,0.0,-129.99
2026-06-21 21:08:13,1,0,1,0.0,-129.99
2026-06-21 21:08:17,1,0,1,0.0,-129.99
2026-06-21 21:08:20,1,0,1,0.0,-129.99
2026-06-21 21:08:23,1,0,1,0.0,-129.99
2026-06-21 21:08:27,1,0,1,0.0,-129.99
2026-06-21 21:08:30,1,0,1,0.0,-129.99
2026-06-21 21:08:33,1,0,1,0.0,-129.99
2026-06-21 21:08:37,1,0,1,0.0,-129.99
2026-06-21 21:08:40,1,0,1,0.0,-129.99
2026-06-21 21:08:43,1,0,1,0.0,-129.99
2026-06-21 21:08:47,1,0,1,0.0,-129.99
2026-06-21 21:08:50,1,0,1,0.0,-129.99
2026-06-21 21:08:53,1,0,1,0.0,-129.99
2026-06-21 21:08:57,1,0,1,0.0,-129.99
2026-06-21 21:09:00,1,0,1,0.0,-129.99
2026-06-21 21:09:03,1,0,1,0.0,-129.99
2026-06-21 21:09:07,1,0,1,0.0,-129.99
2026-06-21 21:09:10,1,0,1,0.0,-129.99
2026-06-21 21:09:13,1,0,1,0.0,-129.99
2026-06-21 21:09:17,1,0,1,0.0,-129.99
2026-06-21 21:09:20,1,0,1,0.0,-129.99
2026-06-21 21:09:23,1,0,1,0.0,-129.99
2026-06-21 21:09:27,1,0,1,0.0,-129.99
2026-06-21 21:09:30,1,0,1,0.0,-129.99
2026-06-21 21:09:33,1,0,1,0.0,-129.99
2026-06-21 21:09:37,1,0,1,0.0,-129.99
2026-06-21 21:09:40,1,0,1,0.0,-129.99
2026-06-21 21:09:43,1,0,1,0.0,-129.99
2026-06-21 21:09:47,1,0,1,0.0,-129.99
2026-06-21 21:09:50,1,0,1,0.0,-129.99
2026-06-21 21:09:53,1,0,1,0.0,-129.99
2026-06-21 21:09:57,1,0,1,0.0,-129.99
2026-06-21 21:10:00,1,0,1,0.0,-129.99
2026-06-21 21:10:06,1,0,1,0.0,-129.99
2026-06-21 21:10:07,1,0,1,0.0,-129.99
2026-06-21 21:10:10,1,0,1,0.0,-129.99
2026-06-21 21:10:14,1,0,1,0.0,-129.99
2026-06-21 21:10:17,1,0,1,0.0,-129.99
2026-06-21 21:10:20,1,0,1,0.0,-129.99
2026-06-21 21:10:24,1,0,1,0.0,-129.99
2026-06-21 21:10:27,1,0,1,0.0,-129.99
2026-06-21 21:10:30,1,0,1,0.0,-129.99
2026-06-21 21:10:34,1,0,1,0.0,-129.99
2026-06-21 21:10:37,1,0,1,0.0,-129.99
2026-06-21 21:10:40,1,0,1,0.0,-129.99
2026-06-21 21:10:44,1,0,1,0.0,-129.99
2026-06-21 21:10:47,1,0,1,0.0,-129.99
2026-06-21 21:10:50,1,0,1,0.0,-129.99
2026-06-21 21:10:54,1,0,1,0.0,-129.99
2026-06-21 21:10:57,1,0,1,0.0,-129.99
2026-06-21 21:11:00,1,0,1,0.0,-129.99
2026-06-21 21:11:04,1,0,1,0.0,-129.99
2026-06-21 21:11:07,1,0,1,0.0,-129.99
2026-06-21 21:11:10,1,0,1,0.0,-129.99
2026-06-21 21:11:14,1,0,1,0.0,-129.99
2026-06-21 21:11:17,1,0,1,0.0,-129.99
2026-06-21 21:11:20,1,0,1,0.0,-129.99
2026-06-21 21:11:23,1,0,1,0.0,-129.99
2026-06-21 21:11:27,1,0,1,0.0,-129.99
2026-06-21 21:11:30,1,0,1,0.0,-129.99
2026-06-21 21:11:33,1,0,1,0.0,-129.99
2026-06-21 21:11:37,1,0,1,0.0,-129.99
2026-06-21 21:11:40,1,0,1,0.0,-129.99
2026-06-21 21:11:43,1,0,1,0.0,-129.99
2026-06-21 21:11:47,1,0,1,0.0,-129.99
2026-06-21 21:11:50,1,0,1,0.0,-129.99
2026-06-21 21:11:53,1,0,1,0.0,-129.99
2026-06-21 21:11:57,1,0,1,0.0,-129.99
2026-06-21 21:12:00,1,0,1,0.0,-129.99
2026-06-21 21:12:03,1,0,1,0.0,-129.99
2026-06-21 21:12:07,1,0,1,0.0,-129.99
2026-06-21 21:12:10,1,0,1,0.0,-129.99
2026-06-21 21:12:13,1,0,1,0.0,-129.99
2026-06-21 21:12:17,1,0,1,0.0,-129.99
2026-06-21 21:12:20,1,0,1,0.0,-129.99
2026-06-21 21:12:23,1,0,1,0.0,-129.99
2026-06-21 21:12:26,1,0,1,0.0,-129.99
2026-06-21 21:12:30,1,0,1,0.0,-129.99
2026-06-21 21:12:33,1,0,1,0.0,-129.99
2026-06-21 21:12:36,1,0,1,0.0,-129.99
2026-06-21 21:12:40,1,0,1,0.0,-129.99
2026-06-21 21:12:43,1,0,1,0.0,-129.99
2026-06-21 21:12:46,1,0,1,0.0,-129.99
2026-06-21 21:12:50,1,0,1,0.0,-129.99
2026-06-21 21:12:53,1,0,1,0.0,-129.99
2026-06-21 21:12:56,1,0,1,0.0,-129.99
2026-06-21 21:13:00,1,0,1,0.0,-129.99
2026-06-21 21:13:03,1,0,1,0.0,-129.99
2026-06-21 21:13:06,1,0,1,0.0,-129.99
2026-06-21 21:13:10,1,0,1,0.0,-129.99
2026-06-21 21:13:13,1,0,1,0.0,-129.99
2026-06-21 21:13:16,1,0,1,0.0,-129.99
2026-06-21 21:13:20,1,0,1,0.0,-129.99
2026-06-21 21:13:23,1,0,1,0.0,-129.99
2026-06-21 21:13:26,1,0,1,0.0,-129.99
2026-06-21 21:13:30,1,0,1,0.0,-129.99
2026-06-21 21:13:33,1,0,1,0.0,-129.99
2026-06-21 21:13:36,1,0,1,0.0,-129.99
2026-06-21 21:13:40,1,0,1,0.0,-129.99
2026-06-21 21:13:43,1,0,1,0.0,-129.99
2026-06-21 21:13:46,1,0,1,0.0,-129.99
2026-06-21 21:13:50,1,0,1,0.0,-129.99
2026-06-21 21:13:53,1,0,1,0.0,-129.99
2026-06-21 21:13:56,1,0,1,0.0,-129.99
2026-06-21 21:14:00,1,0,1,0.0,-129.99
2026-06-21 21:14:03,1,0,1,0.0,-129.99
2026-06-21 21:14:06,1,0,1,0.0,-129.99
2026-06-21 21:14:10,1,0,1,0.0,-129.99
2026-06-21 21:14:13,1,0,1,0.0,-129.99
2026-06-21 21:14:17,1,0,1,0.0,-129.99
2026-06-21 21:14:20,1,0,1,0.0,-129.99
2026-06-21 21:14:23,1,0,1,0.0,-129.99
2026-06-21 21:14:27,1,0,1,0.0,-129.99
2026-06-21 21:14:30,1,0,1,0.0,-129.99
2026-06-21 21:14:33,1,0,1,0.0,-129.99
2026-06-21 21:14:37,1,0,1,0.0,-129.99
2026-06-21 21:14:40,1,0,1,0.0,-129.99
2026-06-21 21:14:43,1,0,1,0.0,-129.99
2026-06-21 21:14:47,1,0,1,0.0,-129.99
2026-06-21 21:14:50,1,0,1,0.0,-129.99
2026-06-21 21:14:53,1,0,1,0.0,-129.99
2026-06-21 21:14:57,1,0,1,0.0,-129.99
2026-06-21 21:15:00,1,0,1,0.0,-129.99
2026-06-21 21:15:03,1,0,1,0.0,-129.99
2026-06-21 21:15:07,1,0,1,0.0,-129.99
2026-06-21 21:15:10,1,0,1,0.0,-129.99
2026-06-21 21:15:13,1,0,1,0.0,-129.99
2026-06-21 21:15:17,1,0,1,0.0,-129.99
2026-06-21 21:15:20,1,0,1,0.0,-129.99
2026-06-21 21:15:23,1,0,1,0.0,-129.99
2026-06-21 21:15:27,1,0,1,0.0,-129.99
2026-06-21 21:15:30,1,0,1,0.0,-129.99
2026-06-21 21:15:33,1,0,1,0.0,-129.99
2026-06-21 21:15:37,1,0,1,0.0,-129.99
2026-06-21 21:15:40,1,0,1,0.0,-129.99
2026-06-21 21:15:43,1,0,1,0.0,-129.99
2026-06-21 21:15:47,1,0,1,0.0,-129.99
2026-06-21 21:15:50,1,0,1,0.0,-129.99
2026-06-21 21:15:53,1,0,1,0.0,-129.99
2026-06-21 21:15:57,1,0,1,0.0,-129.99
2026-06-21 21:16:00,2,1,1,50.0,-124.73
2026-06-21 21:16:03,2,1,1,50.0,-124.73
2026-06-21 21:16:07,2,1,1,50.0,-124.73
2026-06-21 21:16:10,2,1,1,50.0,-124.73
2026-06-21 21:16:13,2,1,1,50.0,-124.73
2026-06-21 21:16:17,2,1,1,50.0,-124.73
2026-06-21 21:16:20,2,1,1,50.0,-124.73
2026-06-21 21:16:23,2,1,1,50.0,-124.73
2026-06-21 21:16:27,2,1,1,50.0,-124.73
2026-06-21 21:16:30,2,1,1,50.0,-124.73
2026-06-21 21:16:33,2,1,1,50.0,-124.73
2026-06-21 21:16:37,2,1,1,50.0,-124.73
2026-06-21 21:16:40,2,1,1,50.0,-124.73
2026-06-21 21:16:43,2,1,1,50.0,-124.73
2026-06-21 21:16:47,2,1,1,50.0,-124.73
2026-06-21 21:16:50,2,1,1,50.0,-124.73
2026-06-21 21:16:53,2,1,1,50.0,-124.73
2026-06-21 21:16:57,2,1,1,50.0,-124.73
2026-06-21 21:17:00,2,1,1,50.0,-124.73
2026-06-21 21:17:03,2,1,1,50.0,-124.73
2026-06-21 21:17:07,2,1,1,50.0,-124.73
2026-06-21 21:17:10,2,1,1,50.0,-124.73
2026-06-21 21:17:13,2,1,1,50.0,-124.73
2026-06-21 21:17:17,2,1,1,50.0,-124.73
2026-06-21 21:17:20,2,1,1,50.0,-124.73
2026-06-21 21:17:23,2,1,1,50.0,-124.73
2026-06-21 21:17:27,2,1,1,50.0,-124.73
2026-06-21 21:17:30,2,1,1,50.0,-124.73
2026-06-21 21:17:33,2,1,1,50.0,-124.73
2026-06-21 21:17:37,2,1,1,50.0,-124.73
2026-06-21 21:17:40,2,1,1,50.0,-124.73
2026-06-21 21:17:43,2,1,1,50.0,-124.73
2026-06-21 21:17:47,2,1,1,50.0,-124.73
2026-06-21 21:17:50,2,1,1,50.0,-124.73
2026-06-21 21:17:53,2,1,1,50.0,-124.73
2026-06-21 21:17:57,2,1,1,50.0,-124.73
2026-06-21 21:18:00,2,1,1,50.0,-124.73
2026-06-21 21:18:03,2,1,1,50.0,-124.73
2026-06-21 21:18:07,2,1,1,50.0,-124.73
2026-06-21 21:18:10,2,1,1,50.0,-124.73
2026-06-21 21:18:13,2,1,1,50.0,-124.73
2026-06-21 21:18:17,2,1,1,50.0,-124.73
2026-06-21 21:18:20,2,1,1,50.0,-124.73
2026-06-21 21:18:23,2,1,1,50.0,-124.73
2026-06-21 21:18:27,2,1,1,50.0,-124.73
2026-06-21 21:18:30,2,1,1,50.0,-124.73
2026-06-21 21:18:33,2,1,1,50.0,-124.73
2026-06-21 21:18:37,2,1,1,50.0,-124.73
2026-06-21 21:18:40,2,1,1,50.0,-124.73
2026-06-21 21:18:43,2,1,1,50.0,-124.73
2026-06-21 21:18:47,2,1,1,50.0,-124.73
2026-06-21 21:18:50,2,1,1,50.0,-124.73
2026-06-21 21:18:53,2,1,1,50.0,-124.73
2026-06-21 21:18:57,2,1,1,50.0,-124.73
2026-06-21 21:19:00,2,1,1,50.0,-124.73
2026-06-21 21:19:03,2,1,1,50.0,-124.73
2026-06-21 21:19:07,2,1,1,50.0,-124.73
2026-06-21 21:19:10,2,1,1,50.0,-124.73
2026-06-21 21:19:14,2,1,1,50.0,-124.73
2026-06-21 21:19:17,2,1,1,50.0,-124.73
2026-06-21 21:19:20,2,1,1,50.0,-124.73
2026-06-21 21:19:24,2,1,1,50.0,-124.73
2026-06-21 21:19:27,2,1,1,50.0,-124.73
2026-06-21 21:19:30,2,1,1,50.0,-124.73
2026-06-21 21:19:34,2,1,1,50.0,-124.73
2026-06-21 21:19:37,2,1,1,50.0,-124.73
2026-06-21 21:19:40,2,1,1,50.0,-124.73
2026-06-21 21:19:43,2,1,1,50.0,-124.73
2026-06-21 21:19:47,2,1,1,50.0,-124.73
2026-06-21 21:19:50,2,1,1,50.0,-124.73
2026-06-21 21:19:53,2,1,1,50.0,-124.73
2026-06-21 21:19:57,2,1,1,50.0,-124.73
2026-06-21 21:20:00,2,1,1,50.0,-124.73
2026-06-21 21:20:04,2,1,1,50.0,-124.73
2026-06-21 21:20:07,2,1,1,50.0,-124.73
2026-06-21 21:20:10,2,1,1,50.0,-124.73
2026-06-21 21:20:14,2,1,1,50.0,-124.73
2026-06-21 21:20:17,2,1,1,50.0,-124.73
2026-06-21 21:20:20,2,1,1,50.0,-124.73
2026-06-21 21:20:24,2,1,1,50.0,-124.73
2026-06-21 21:20:27,2,1,1,50.0,-124.73
2026-06-21 21:20:30,2,1,1,50.0,-124.73
2026-06-21 21:20:34,2,1,1,50.0,-124.73
2026-06-21 21:20:37,2,1,1,50.0,-124.73
2026-06-21 21:20:40,2,1,1,50.0,-124.73
2026-06-21 21:20:44,2,1,1,50.0,-124.73
2026-06-21 21:20:47,2,1,1,50.0,-124.73
2026-06-21 21:20:50,2,1,1,50.0,-124.73
2026-06-21 21:20:54,2,1,1,50.0,-124.73
2026-06-21 21:20:57,2,1,1,50.0,-124.73
2026-06-21 21:21:00,2,1,1,50.0,-124.73
2026-06-21 21:21:04,2,1,1,50.0,-124.73
2026-06-21 21:21:07,2,1,1,50.0,-124.73
2026-06-21 21:21:10,2,1,1,50.0,-124.73
2026-06-21 21:21:14,2,1,1,50.0,-124.73
2026-06-21 21:21:17,2,1,1,50.0,-124.73
2026-06-21 21:21:20,2,1,1,50.0,-124.73
2026-06-21 21:21:24,2,1,1,50.0,-124.73
2026-06-21 21:21:27,2,1,1,50.0,-124.73
2026-06-21 21:21:30,2,1,1,50.0,-124.73
2026-06-21 21:21:34,2,1,1,50.0,-124.73
2026-06-21 21:21:37,2,1,1,50.0,-124.73
2026-06-21 21:21:40,2,1,1,50.0,-124.73
2026-06-21 21:21:44,2,1,1,50.0,-124.73
2026-06-21 21:21:47,2,1,1,50.0,-124.73
2026-06-21 21:21:50,2,1,1,50.0,-124.73
2026-06-21 21:21:54,2,1,1,50.0,-124.73
2026-06-21 21:21:57,2,1,1,50.0,-124.73
2026-06-21 21:22:00,2,1,1,50.0,-124.73
2026-06-21 21:22:04,2,1,1,50.0,-124.73
2026-06-21 21:22:07,2,1,1,50.0,-124.73
2026-06-21 21:22:10,2,1,1,50.0,-124.73
2026-06-21 21:22:14,2,1,1,50.0,-124.73
2026-06-21 21:22:17,2,1,1,50.0,-124.73
2026-06-21 21:22:20,2,1,1,50.0,-124.73
2026-06-21 21:22:24,2,1,1,50.0,-124.73
2026-06-21 21:22:27,2,1,1,50.0,-124.73
2026-06-21 21:22:30,2,1,1,50.0,-124.73
2026-06-21 21:22:34,2,1,1,50.0,-124.73
2026-06-21 21:22:37,2,1,1,50.0,-124.73
2026-06-21 21:22:40,2,1,1,50.0,-124.73
2026-06-21 21:22:44,2,1,1,50.0,-124.73
2026-06-21 21:22:47,2,1,1,50.0,-124.73
2026-06-21 21:22:50,2,1,1,50.0,-124.73
2026-06-21 21:22:54,2,1,1,50.0,-124.73
2026-06-21 21:22:57,2,1,1,50.0,-124.73
2026-06-21 21:23:00,2,1,1,50.0,-124.73
2026-06-21 21:23:04,2,1,1,50.0,-124.73
2026-06-21 21:23:07,2,1,1,50.0,-124.73
2026-06-21 21:23:10,2,1,1,50.0,-124.73
2026-06-21 21:23:14,2,1,1,50.0,-124.73
2026-06-21 21:23:17,2,1,1,50.0,-124.73
2026-06-21 21:23:20,2,1,1,50.0,-124.73
2026-06-21 21:23:24,2,1,1,50.0,-124.73
2026-06-21 21:23:27,2,1,1,50.0,-124.73
2026-06-21 21:23:30,2,1,1,50.0,-124.73
2026-06-21 21:23:34,2,1,1,50.0,-124.73
2026-06-21 21:23:37,2,1,1,50.0,-124.73
2026-06-21 21:23:40,2,1,1,50.0,-124.73
2026-06-21 21:23:44,2,1,1,50.0,-124.73
2026-06-21 21:23:47,2,1,1,50.0,-124.73
2026-06-21 21:23:50,2,1,1,50.0,-124.73
2026-06-21 21:23:54,2,1,1,50.0,-124.73
2026-06-21 21:23:57,2,1,1,50.0,-124.73
2026-06-21 21:24:00,2,1,1,50.0,-124.73
2026-06-21 21:24:04,2,1,1,50.0,-124.73
2026-06-21 21:24:07,2,1,1,50.0,-124.73
2026-06-21 21:24:10,2,1,1,50.0,-124.73
2026-06-21 21:24:14,2,1,1,50.0,-124.73
2026-06-21 21:24:17,2,1,1,50.0,-124.73
2026-06-21 21:24:20,2,1,1,50.0,-124.73
2026-06-21 21:24:24,2,1,1,50.0,-124.73
2026-06-21 21:24:27,2,1,1,50.0,-124.73
2026-06-21 21:24:30,2,1,1,50.0,-124.73
2026-06-21 21:24:34,2,1,1,50.0,-124.73
2026-06-21 21:24:37,2,1,1,50.0,-124.73
2026-06-21 21:24:41,2,1,1,50.0,-124.73
2026-06-21 21:24:44,2,1,1,50.0,-124.73
2026-06-21 21:24:47,2,1,1,50.0,-124.73
2026-06-21 21:24:51,2,1,1,50.0,-124.73
2026-06-21 21:24:54,2,1,1,50.0,-124.73
2026-06-21 21:24:57,2,1,1,50.0,-124.73
2026-06-21 21:25:02,2,1,1,50.0,-124.73
2026-06-21 21:25:04,2,1,1,50.0,-124.73
2026-06-21 21:25:07,2,1,1,50.0,-124.73
2026-06-21 21:25:10,2,1,1,50.0,-124.73
2026-06-21 21:25:14,2,1,1,50.0,-124.73
2026-06-21 21:25:17,2,1,1,50.0,-124.73
2026-06-21 21:25:20,2,1,1,50.0,-124.73
2026-06-21 21:25:24,2,1,1,50.0,-124.73
2026-06-21 21:25:27,2,1,1,50.0,-124.73
2026-06-21 21:25:30,2,1,1,50.0,-124.73
2026-06-21 21:25:33,2,1,1,50.0,-124.73
2026-06-21 21:25:37,2,1,1,50.0,-124.73
2026-06-21 21:25:40,2,1,1,50.0,-124.73
2026-06-21 21:25:43,2,1,1,50.0,-124.73
2026-06-21 21:25:47,2,1,1,50.0,-124.73
2026-06-21 21:25:50,2,1,1,50.0,-124.73
2026-06-21 21:25:53,2,1,1,50.0,-124.73
2026-06-21 21:25:57,2,1,1,50.0,-124.73
2026-06-21 21:26:00,2,1,1,50.0,-124.73
2026-06-21 21:26:03,2,1,1,50.0,-124.73
2026-06-21 21:26:07,2,1,1,50.0,-124.73
2026-06-21 21:26:10,2,1,1,50.0,-124.73
2026-06-21 21:26:13,2,1,1,50.0,-124.73
2026-06-21 21:26:17,2,1,1,50.0,-124.73
2026-06-21 21:26:20,2,1,1,50.0,-124.73
2026-06-21 21:26:23,2,1,1,50.0,-124.73
2026-06-21 21:26:27,2,1,1,50.0,-124.73
2026-06-21 21:26:30,2,1,1,50.0,-124.73
2026-06-21 21:26:33,2,1,1,50.0,-124.73
2026-06-21 21:26:37,2,1,1,50.0,-124.73
2026-06-21 21:26:40,2,1,1,50.0,-124.73
2026-06-21 21:26:43,2,1,1,50.0,-124.73
2026-06-21 21:26:47,2,1,1,50.0,-124.73
2026-06-21 21:26:50,2,1,1,50.0,-124.73
2026-06-21 21:26:53,2,1,1,50.0,-124.73
2026-06-21 21:26:57,2,1,1,50.0,-124.73
2026-06-21 21:27:00,2,1,1,50.0,-124.73
2026-06-21 21:27:03,2,1,1,50.0,-124.73
2026-06-21 21:27:07,2,1,1,50.0,-124.73
2026-06-21 21:27:10,2,1,1,50.0,-124.73
2026-06-21 21:27:13,2,1,1,50.0,-124.73
2026-06-21 21:27:16,2,1,1,50.0,-124.73
2026-06-21 21:27:20,2,1,1,50.0,-124.73
2026-06-21 21:27:23,2,1,1,50.0,-124.73
2026-06-21 21:27:26,2,1,1,50.0,-124.73
2026-06-21 21:27:30,2,1,1,50.0,-124.73
2026-06-21 21:27:33,2,1,1,50.0,-124.73
2026-06-21 21:27:36,2,1,1,50.0,-124.73
2026-06-21 21:27:40,2,1,1,50.0,-124.73
2026-06-21 21:27:43,2,1,1,50.0,-124.73
2026-06-21 21:27:46,2,1,1,50.0,-124.73
2026-06-21 21:27:50,2,1,1,50.0,-124.73
2026-06-21 21:27:53,2,1,1,50.0,-124.73
2026-06-21 21:27:56,2,1,1,50.0,-124.73
2026-06-21 21:28:00,2,1,1,50.0,-124.73
2026-06-21 21:28:03,2,1,1,50.0,-124.73
2026-06-21 21:28:06,2,1,1,50.0,-124.73
2026-06-21 21:28:10,2,1,1,50.0,-124.73
2026-06-21 21:28:13,2,1,1,50.0,-124.73
2026-06-21 21:28:16,2,1,1,50.0,-124.73
2026-06-21 21:28:20,2,1,1,50.0,-124.73
2026-06-21 21:28:23,2,1,1,50.0,-124.73
2026-06-21 21:28:26,2,1,1,50.0,-124.73
2026-06-21 21:28:30,2,1,1,50.0,-124.73
2026-06-21 21:28:33,2,1,1,50.0,-124.73
2026-06-21 21:28:36,2,1,1,50.0,-124.73
2026-06-21 21:28:39,2,1,1,50.0,-124.73
2026-06-21 21:28:43,2,1,1,50.0,-124.73
2026-06-21 21:28:46,2,1,1,50.0,-124.73
2026-06-21 21:28:49,2,1,1,50.0,-124.73
2026-06-21 21:28:53,2,1,1,50.0,-124.73
2026-06-21 21:28:56,2,1,1,50.0,-124.73
2026-06-21 21:28:59,2,1,1,50.0,-124.73
2026-06-21 21:29:03,2,1,1,50.0,-124.73
2026-06-21 21:29:06,2,1,1,50.0,-124.73
2026-06-21 21:29:09,2,1,1,50.0,-124.73
2026-06-21 21:29:13,2,1,1,50.0,-124.73
2026-06-21 21:29:16,2,1,1,50.0,-124.73
2026-06-21 21:29:19,2,1,1,50.0,-124.73
2026-06-21 21:29:23,2,1,1,50.0,-124.73
2026-06-21 21:29:26,2,1,1,50.0,-124.73
2026-06-21 21:29:29,2,1,1,50.0,-124.73
2026-06-21 21:29:33,2,1,1,50.0,-124.73
2026-06-21 21:29:36,2,1,1,50.0,-124.73
